{"type":"FeatureCollection","features":[{"type":"Feature","geometry":{"type":"Point","coordinates":[106.7105251,10.7937895]},"properties":{"category":"school","name":null,"osm_id":925264845}},{"type":"Feature","geometry":{"type":"Point","coordinates":[106.4157531,10.5388073]},"properties":{"category":"school","name":"Trường Trung Học Cơ Sở Nhật Tảo","osm_id":980135418}},{"type":"Feature","geometry":{"type":"Point","coordinates":[106.4327675,10.5301466]},"properties":{"category":"school","name":"Trường Tiểu Học Bình Tâm","osm_id":980136076}},{"type":"Feature","geometry":{"type":"Point","coordinates":[106.4247943,10.5360756]},"properties":{"category":"school","name":"Trường Trung Học Phổ Thông Tân An","osm_id":980136227}},{"type":"Feature","geometry":{"type":"Point","coordinates":[106.3987513,10.5428424]},"properties":{"category":"school","name":"Anh Việt NIIT Long An","osm_id":980136245}},{"type":"Feature","geometry":{"type":"Point","coordinates":[106.4167139,10.5401114]},"properties":{"category":"school","name":"Truường Trung Học Phổ Thông Hùng Vương","osm_id":980136256}},{"type":"Feature","geometry":{"type":"Point","coordinates":[106.4001756,10.5427231]},"properties":{"category":"school","name":"Trường Trung Học Cơ Sở Thống Nhất","osm_id":980137496}},{"type":"Feature","geometry":{"type":"Point","coordinates":[106.4240697,10.5362757]},"properties":{"category":"school","name":"Trường Trung Học Phổ Thông Chuyên Long An","osm_id":980138065}},{"type":"Feature","geometry":{"type":"Point","coordinates":[106.4219495,10.526149]},"properties":{"category":"school","name":"Trường Trung Học Cơ Sở Và Trung Học Phổ Thông Hà Long","osm_id":980138625}},{"type":"Feature","geometry":{"type":"Point","coordinates":[106.4230663,10.536744]},"properties":{"category":"school","name":"Trường Trung Học Phổ Thông Tư Thục Huỳnh Ngọc","osm_id":980138800}},{"type":"Feature","geometry":{"type":"Point","coordinates":[106.4172592,10.5375709]},"properties":{"category":"school","name":"Trung Tâm Ngoại Ngữ Tin Học Long An","osm_id":980138861}},{"type":"Feature","geometry":{"type":"Point","coordinates":[106.4650692,10.5129889]},"properties":{"category":"school","name":"Truường Trung Học Cơ Sở Nguyễn Văn Thăng","osm_id":980138863}},{"type":"Feature","geometry":{"type":"Point","coordinates":[106.6957645,10.8119652]},"properties":{"category":"school","name":"Trung Tâm Dạy Nghề Bình Thạnh","osm_id":1001114451}},{"type":"Feature","geometry":{"type":"Point","coordinates":[106.6533203,10.7778588]},"properties":{"category":"school","name":"Trường Tiểu Học Ngọc Hồi","osm_id":1606180393}},{"type":"Feature","geometry":{"type":"Point","coordinates":[106.6552935,10.7780154]},"properties":{"category":"school","name":"Trường Tiểu Học Đức Trí","osm_id":1606180394}},{"type":"Feature","geometry":{"type":"Point","coordinates":[106.6792934,10.7495992]},"properties":{"category":"school","name":"Khoa Y Tế Công Cộng ĐH Y Dược Thành phố Hồ Chí Minh","osm_id":1756256259}},{"type":"Feature","geometry":{"type":"Point","coordinates":[106.6806299,10.7355146]},"properties":{"category":"school","name":"Trường Trung Cấp Nghiệp Vụ Nam Sài Gòn","osm_id":1757015268}},{"type":"Feature","geometry":{"type":"Point","coordinates":[106.7081317,10.7930619]},"properties":{"category":"school","name":"Trường Tiểu Học Phù Đổng","osm_id":2022545818}},{"type":"Feature","geometry":{"type":"Point","coordinates":[106.6869549,10.7817518]},"properties":{"category":"school","name":"Renaissance International School SaiGon RISS","osm_id":2230876888}},{"type":"Feature","geometry":{"type":"Point","coordinates":[106.6954845,10.7954204]},"properties":{"category":"school","name":"Trường Cao Đẳng An Ninh Mạng ISPACE","osm_id":2231153406}},{"type":"Feature","geometry":{"type":"Point","coordinates":[106.7721717,10.7894062]},"properties":{"category":"school","name":"Trường Mầm Non Bình Trưng Đông","osm_id":2335042734}},{"type":"Feature","geometry":{"type":"Point","coordinates":[106.686998,10.859483]},"properties":{"category":"school","name":"Trường Tiểu Học Phạm Văn Chiêu","osm_id":2340079033}},{"type":"Feature","geometry":{"type":"Point","coordinates":[106.6875934,10.8597359]},"properties":{"category":"school","name":"Trường Mầm Non Bông Hồng","osm_id":2340079107}},{"type":"Feature","geometry":{"type":"Point","coordinates":[106.6872125,10.8601785]},"properties":{"category":"school","name":"Trường Trung học cơ sở An Phú Đông","osm_id":2340079108}},{"type":"Feature","geometry":{"type":"Point","coordinates":[106.8168636,10.8049713]},"properties":{"category":"school","name":"Trường Mầm Non Long Trường","osm_id":2456377382}},{"type":"Feature","geometry":{"type":"Point","coordinates":[106.7984377,10.7901797]},"properties":{"category":"school","name":"Trường Tiểu học Phú Hữu","osm_id":2703781948}},{"type":"Feature","geometry":{"type":"Point","coordinates":[106.7985642,10.7916433]},"properties":{"category":"school","name":"Trường Trung học cơ sở Phú Hữu","osm_id":2703782264}},{"type":"Feature","geometry":{"type":"Point","coordinates":[106.8174953,10.805133]},"properties":{"category":"school","name":"Trường Tiểu Học Phước Thạnh","osm_id":2703783582}},{"type":"Feature","geometry":{"type":"Point","coordinates":[106.6383956,10.8422271]},"properties":{"category":"school","name":"Trường Tiểu Học Hướng Dương","osm_id":2933722692}},{"type":"Feature","geometry":{"type":"Point","coordinates":[106.8009562,10.8702524]},"properties":{"category":"school","name":"Trường Đại học Khoa học xã hội & Nhân văn","osm_id":3069793576}},{"type":"Feature","geometry":{"type":"Point","coordinates":[106.8066557,10.8734214]},"properties":{"category":"school","name":"Đại Học An Ninh Nhân Dân","osm_id":3069793583}},{"type":"Feature","geometry":{"type":"Point","coordinates":[106.6847488,10.8003844]},"properties":{"category":"school","name":"Anh Văn Hội Việt Mỹ VUS","osm_id":3198309302}},{"type":"Feature","geometry":{"type":"Point","coordinates":[106.6830617,10.8020839]},"properties":{"category":"school","name":"Trung Tâm Ngoại Ngữ Dương Minh","osm_id":3204915262}},{"type":"Feature","geometry":{"type":"Point","coordinates":[106.6878489,10.7929112]},"properties":{"category":"school","name":"Trường Trung học cơ sở Văn Lang","osm_id":3638294208}},{"type":"Feature","geometry":{"type":"Point","coordinates":[106.7322973,10.8054975]},"properties":{"category":"school","name":"Trường Đại Học Quốc Tế Sài Gòn","osm_id":4116068692}},{"type":"Feature","geometry":{"type":"Point","coordinates":[106.6474029,10.9993115]},"properties":{"category":"school","name":"Trường PTTH Nguyễn Đình Chiểu","osm_id":4122598410}},{"type":"Feature","geometry":{"type":"Point","coordinates":[106.7520175,10.8480623]},"properties":{"category":"school","name":"Trường Đại Học Kinh Tế - Luật","osm_id":4131656489}},{"type":"Feature","geometry":{"type":"Point","coordinates":[106.7204588,10.7516426]},"properties":{"category":"school","name":"Trường ĐH Tài chính - Marketing","osm_id":4187279689}},{"type":"Feature","geometry":{"type":"Point","coordinates":[106.6719034,10.9151103]},"properties":{"category":"school","name":"Trường Ngoại Ngữ Cao Trung","osm_id":4271151007}},{"type":"Feature","geometry":{"type":"Point","coordinates":[106.6725165,10.9132622]},"properties":{"category":"school","name":"Cao Trung Language Class","osm_id":4271180390}},{"type":"Feature","geometry":{"type":"Point","coordinates":[106.6592205,10.7471386]},"properties":{"category":"school","name":null,"osm_id":4376669889}},{"type":"Feature","geometry":{"type":"Point","coordinates":[106.6768275,10.7946233]},"properties":{"category":"school","name":"Trung Tâm Anh Ngữ Việt Mỹ","osm_id":4385034681}},{"type":"Feature","geometry":{"type":"Point","coordinates":[106.6664309,10.8519469]},"properties":{"category":"school","name":"Trường Tiểu Học Lê Hoàn - Cơ Sở 2","osm_id":4423148880}},{"type":"Feature","geometry":{"type":"Point","coordinates":[106.6684144,10.8487452]},"properties":{"category":"school","name":"Trường Tiểu Học Lê Hoàn","osm_id":4424436533}},{"type":"Feature","geometry":{"type":"Point","coordinates":[106.6224214,10.8063708]},"properties":{"category":"school","name":null,"osm_id":4457391492}},{"type":"Feature","geometry":{"type":"Point","coordinates":[106.6237854,10.8072882]},"properties":{"category":"school","name":"Trường Ngoại Ngữ Quốc Tế Thiên Hà Xanh","osm_id":4467896393}},{"type":"Feature","geometry":{"type":"Point","coordinates":[106.6772651,10.7883395]},"properties":{"category":"school","name":"Trường Tiểu Học Trương Minh Giang","osm_id":4469923095}},{"type":"Feature","geometry":{"type":"Point","coordinates":[106.8061911,10.8797358]},"properties":{"category":"school","name":"Đại học Bách Khoa - Cơ sở Dĩ An","osm_id":4531657492}},{"type":"Feature","geometry":{"type":"Point","coordinates":[106.6421022,10.8686745]},"properties":{"category":"school","name":"Trường Mẫu Giáo Ánh Mặt Trời","osm_id":4541337119}},{"type":"Feature","geometry":{"type":"Point","coordinates":[106.5951991,10.8942715]},"properties":{"category":"school","name":"trường tiểu học Trương Văn Ngài","osm_id":4544588290}},{"type":"Feature","geometry":{"type":"Point","coordinates":[106.7472376,10.8052363]},"properties":{"category":"school","name":"Học Viện Quốc Tế Mỹ","osm_id":4604120590}},{"type":"Feature","geometry":{"type":"Point","coordinates":[106.7480311,10.8054768]},"properties":{"category":"school","name":"Trường Quốc Tế Đức Tại Việt Nam","osm_id":4604121690}},{"type":"Feature","geometry":{"type":"Point","coordinates":[106.6249762,10.824936]},"properties":{"category":"school","name":"Trường Tiểu Học Trung học cơ sở&Trung học phổ thông Tuệ Đức - Cơ sở Tân Thới Nhất 17, Quận 12","osm_id":4666520390}},{"type":"Feature","geometry":{"type":"Point","coordinates":[106.6152211,10.868878]},"properties":{"category":"school","name":"Trường Trung học phổ thông Nguyễn hữu cầu (mới)","osm_id":4685752389}},{"type":"Feature","geometry":{"type":"Point","coordinates":[106.7049273,10.7472946]},"properties":{"category":"school","name":"Trường Tiểu Học Phan Huy Thực","osm_id":4700458589}},{"type":"Feature","geometry":{"type":"Point","coordinates":[106.6420298,10.8015515]},"properties":{"category":"school","name":"Xuất Khẩu Lao Động Esuhai","osm_id":4709965289}},{"type":"Feature","geometry":{"type":"Point","coordinates":[106.7848994,10.7619965]},"properties":{"category":"school","name":"Trường CĐ Nghề Thủ Thiêm - Cơ Sở 2","osm_id":4723751789}},{"type":"Feature","geometry":{"type":"Point","coordinates":[106.6720089,10.7647624]},"properties":{"category":"school","name":"Trường Cao Đẳng Kinh Tế Thành phố Hồ Chí Minh","osm_id":4812596221}},{"type":"Feature","geometry":{"type":"Point","coordinates":[106.7939959,10.8739763]},"properties":{"category":"school","name":"Viện nghiên cứu Công nghệ Sinh học và Môi trường","osm_id":4837917579}},{"type":"Feature","geometry":{"type":"Point","coordinates":[106.9419347,10.7060095]},"properties":{"category":"school","name":"cty ykk","osm_id":4843741025}},{"type":"Feature","geometry":{"type":"Point","coordinates":[106.7859409,10.8493464]},"properties":{"category":"school","name":"Học viện chính trị","osm_id":4845298021}},{"type":"Feature","geometry":{"type":"Point","coordinates":[106.7026429,10.7881755]},"properties":{"category":"school","name":"Trung Tâm Nhật Ngữ Yaruki","osm_id":4895993122}},{"type":"Feature","geometry":{"type":"Point","coordinates":[106.7256113,10.6578526]},"properties":{"category":"school","name":"Trường Tiểu Học & Trung học cơ sở Quốc Tế Mỹ AIS","osm_id":4937137229}},{"type":"Feature","geometry":{"type":"Point","coordinates":[106.7747649,10.8418832]},"properties":{"category":"school","name":"Trường Trung học cơ sở-Trung học phổ thông Hoa Sen","osm_id":4970998024}},{"type":"Feature","geometry":{"type":"Point","coordinates":[106.6535126,10.8383217]},"properties":{"category":"school","name":"Trường Trung học phổ thông Nguyễn Công Trứ","osm_id":4998916525}},{"type":"Feature","geometry":{"type":"Point","coordinates":[106.6608752,10.8545196]},"properties":{"category":"school","name":"Trường Trung học cơ sở Nguyễn Trãi","osm_id":4998946022}},{"type":"Feature","geometry":{"type":"Point","coordinates":[106.6430253,10.8458193]},"properties":{"category":"school","name":"Trường Trung học phổ thông Lý Thái Tổ","osm_id":4998978221}},{"type":"Feature","geometry":{"type":"Point","coordinates":[106.6373362,10.8323026]},"properties":{"category":"school","name":"Trường Trung học cơ sở &Trung học phổ thông Bạch Đằng","osm_id":4998978224}},{"type":"Feature","geometry":{"type":"Point","coordinates":[106.6462003,10.8385938]},"properties":{"category":"school","name":"Trường Tiểu Học, Trung học cơ sở&Trung học phổ thông Hermann Gmeiner","osm_id":4998979428}},{"type":"Feature","geometry":{"type":"Point","coordinates":[106.6370117,10.8434933]},"properties":{"category":"school","name":"Trường Trung học phổ thông Thăng Long","osm_id":4998995821}},{"type":"Feature","geometry":{"type":"Point","coordinates":[106.6731667,10.8287154]},"properties":{"category":"school","name":"Trường Trung học cơ sở&Trung học phổ thông Hồng Hà","osm_id":4999010621}},{"type":"Feature","geometry":{"type":"Point","coordinates":[106.6866215,10.8222276]},"properties":{"category":"school","name":"Trường Trung học cơ sở Trường Sơn","osm_id":4999016323}},{"type":"Feature","geometry":{"type":"Point","coordinates":[106.6855736,10.8252545]},"properties":{"category":"school","name":"Trường Trung học cơ sở Gò Vấp 2","osm_id":4999025022}},{"type":"Feature","geometry":{"type":"Point","coordinates":[106.6823699,10.8171855]},"properties":{"category":"school","name":"Trường Trung học cơ sở Trường Sơn","osm_id":4999029921}},{"type":"Feature","geometry":{"type":"Point","coordinates":[106.6911477,10.8248372]},"properties":{"category":"school","name":"Trường Trung học phổ thông TRẦN CAO VÂN","osm_id":4999031423}},{"type":"Feature","geometry":{"type":"Point","coordinates":[106.6707244,10.8460243]},"properties":{"category":"school","name":"Trường Trung học cơ sở Lý Tự Trọng","osm_id":4999096423}},{"type":"Feature","geometry":{"type":"Point","coordinates":[106.6640483,10.8450967]},"properties":{"category":"school","name":"Trường Trung học phổ thông PHÙNG HƯNG","osm_id":4999130221}},{"type":"Feature","geometry":{"type":"Point","coordinates":[106.6667971,10.7965551]},"properties":{"category":"school","name":"Trường Trung học cơ sở - Trung học phổ thông Việt Anh","osm_id":5000977724}},{"type":"Feature","geometry":{"type":"Point","coordinates":[106.6691674,10.7975616]},"properties":{"category":"school","name":"Trường Đại Học Sư Phạm Kỹ Thuật VGU","osm_id":5000992121}},{"type":"Feature","geometry":{"type":"Point","coordinates":[106.6697959,10.79821]},"properties":{"category":"school","name":"Trường Trung học phổ thông Quốc Tế TIS","osm_id":5000992122}},{"type":"Feature","geometry":{"type":"Point","coordinates":[106.6702897,10.7947234]},"properties":{"category":"school","name":"Trường Trung học cơ sở&Trung học phổ thông Đăng Khoa","osm_id":5001008021}},{"type":"Feature","geometry":{"type":"Point","coordinates":[106.670766,10.8000745]},"properties":{"category":"school","name":"Trường Đại Học Y Dược Thành phố Hồ Chí Minh","osm_id":5001046522}},{"type":"Feature","geometry":{"type":"Point","coordinates":[106.6689367,10.8013756]},"properties":{"category":"school","name":"Trường Quốc Tế Việt Úc VAS","osm_id":5001064521}},{"type":"Feature","geometry":{"type":"Point","coordinates":[106.6793531,10.8086076]},"properties":{"category":"school","name":"Trường THCS & THPT Đức Trí - Cơ sở 2","osm_id":5001101121}},{"type":"Feature","geometry":{"type":"Point","coordinates":[106.67369,10.8086782]},"properties":{"category":"school","name":"Trường Cao Đẳng Đại Việt","osm_id":5001104522}},{"type":"Feature","geometry":{"type":"Point","coordinates":[106.6741092,10.9881564]},"properties":{"category":"school","name":"Trường ĐH Mở (CN Bình Dương)","osm_id":5001651731}},{"type":"Feature","geometry":{"type":"Point","coordinates":[106.6402305,10.9659705]},"properties":{"category":"school","name":"Trường Trung học cơ sở Bình Hoà","osm_id":5004140421}},{"type":"Feature","geometry":{"type":"Point","coordinates":[106.6293516,10.8371216]},"properties":{"category":"school","name":"Trường Trung học cơ sở-Trung học phổ thông Bắc Sơn","osm_id":5004140721}},{"type":"Feature","geometry":{"type":"Point","coordinates":[106.620783,10.8292704]},"properties":{"category":"school","name":"Trường Trung học cơ sở&Trung học phổ thông Mỹ Việt","osm_id":5004140723}},{"type":"Feature","geometry":{"type":"Point","coordinates":[106.6153372,10.8296882]},"properties":{"category":"school","name":"Trường Trung học cơ sở&Trung học phổ thông Hoa Lư","osm_id":5004146924}},{"type":"Feature","geometry":{"type":"Point","coordinates":[106.613212,10.8308068]},"properties":{"category":"school","name":"Trường Trung học cơ sở Nguyễn Ảnh Thủ","osm_id":5004146925}},{"type":"Feature","geometry":{"type":"Point","coordinates":[106.6087194,10.8340354]},"properties":{"category":"school","name":"Trường Trung học cơ sở&Trung học phổ thông Nam Việt","osm_id":5004152121}},{"type":"Feature","geometry":{"type":"Point","coordinates":[106.6049199,10.8829711]},"properties":{"category":"school","name":"Trường Trung học cơ sở tô ký","osm_id":5004182822}},{"type":"Feature","geometry":{"type":"Point","coordinates":[106.5858499,10.8887056]},"properties":{"category":"school","name":"Trường Trung học cơ sở Nguyễn An Khương","osm_id":5004225021}},{"type":"Feature","geometry":{"type":"Point","coordinates":[106.5815642,10.8929094]},"properties":{"category":"school","name":"Trường Trung học cơ sở lý chính thắng 1","osm_id":5004228621}},{"type":"Feature","geometry":{"type":"Point","coordinates":[106.5985651,10.8673296]},"properties":{"category":"school","name":"Trường Trung học cơ sở Tân Xuân","osm_id":5004252423}},{"type":"Feature","geometry":{"type":"Point","coordinates":[106.6344142,10.8778896]},"properties":{"category":"school","name":"Trường Trung học cơ sở Nguyễn Chí Thanh","osm_id":5004294921}},{"type":"Feature","geometry":{"type":"Point","coordinates":[106.6476885,10.7740283]},"properties":{"category":"school","name":"Trường Tiểu Học Quốc Tế APU","osm_id":5006247221}},{"type":"Feature","geometry":{"type":"Point","coordinates":[106.645301,10.7693479]},"properties":{"category":"school","name":"Trung Tâm Giáo Dục Thường Xuyên","osm_id":5006250060}},{"type":"Feature","geometry":{"type":"Point","coordinates":[106.6471039,10.7730792]},"properties":{"category":"school","name":"TT Kỹ Thuật Tổng Hợp Hướng Nghiệp Quận 11","osm_id":5006252089}},{"type":"Feature","geometry":{"type":"Point","coordinates":[106.6423509,10.7650159]},"properties":{"category":"school","name":"Hệ Thống Trường Việt Mỹ","osm_id":5006271522}},{"type":"Feature","geometry":{"type":"Point","coordinates":[106.6472553,10.7613518]},"properties":{"category":"school","name":"Trường Trung học phổ thông Trần Quốc Tuấn","osm_id":5006288621}},{"type":"Feature","geometry":{"type":"Point","coordinates":[106.6529753,10.7701273]},"properties":{"category":"school","name":"Trường Trung học phổ thông Hai Bà Trưng","osm_id":5006304723}},{"type":"Feature","geometry":{"type":"Point","coordinates":[106.6598712,10.7623326]},"properties":{"category":"school","name":"Trường Trung học cơ sở Nguyễn Minh Hoàng","osm_id":5006327722}},{"type":"Feature","geometry":{"type":"Point","coordinates":[106.6629232,10.7630667]},"properties":{"category":"school","name":"Trường Trung học cơ sở Nguyễn Tri Phương","osm_id":5006334321}},{"type":"Feature","geometry":{"type":"Point","coordinates":[106.6486847,10.7736525]},"properties":{"category":"school","name":"Trường Trung học cơ sở Phạm Ngọc Thạch","osm_id":5010485521}},{"type":"Feature","geometry":{"type":"Point","coordinates":[106.6139739,10.7725315]},"properties":{"category":"school","name":"Trường Trung học cơ sở Lý Thường Kiệt","osm_id":5010564426}},{"type":"Feature","geometry":{"type":"Point","coordinates":[106.6006516,10.8149279]},"properties":{"category":"school","name":"Trường Trung học cơ sở Bình Hưng Hoà","osm_id":5010638621}},{"type":"Feature","geometry":{"type":"Point","coordinates":[106.7028692,10.7652697]},"properties":{"category":"market","name":"Focomart","osm_id":947763519}},{"type":"Feature","geometry":{"type":"Point","coordinates":[106.5932093,10.8109417]},"properties":{"category":"school","name":"Trường Trung học cơ sở&Trung học phổ thông Việt Anh","osm_id":5010728121}},{"type":"Feature","geometry":{"type":"Point","coordinates":[106.6485112,10.776963]},"properties":{"category":"school","name":"Trường Trung học cơ sở & Trung học phổ thông Bác Ái","osm_id":5010931322}},{"type":"Feature","geometry":{"type":"Point","coordinates":[106.6432939,10.8059847]},"properties":{"category":"school","name":"Trường Trung học cơ sở&Trung học phổ thông Nguyễn Khuyến Cơ Sở 2","osm_id":5011039521}},{"type":"Feature","geometry":{"type":"Point","coordinates":[106.6452407,10.8018619]},"properties":{"category":"school","name":"Trường Trung học phổ thông Việt Thanh","osm_id":5011051822}},{"type":"Feature","geometry":{"type":"Point","coordinates":[106.6760741,10.7635279]},"properties":{"category":"school","name":"Trung Tâm Tin Học Trường ĐH Khoa Học Tự Nhiên","osm_id":5013165725}},{"type":"Feature","geometry":{"type":"Point","coordinates":[106.6707985,10.76092]},"properties":{"category":"school","name":"Trường Trung học phổ thông Hoà Bình","osm_id":5013182421}},{"type":"Feature","geometry":{"type":"Point","coordinates":[106.6681518,10.7629745]},"properties":{"category":"school","name":"Trường Trung học cơ sở Hoàng Văn Thụ","osm_id":5013192321}},{"type":"Feature","geometry":{"type":"Point","coordinates":[106.6660804,10.7697961]},"properties":{"category":"school","name":"Trường Trung học cơ sở&Trung học phổ thông Diên Hồng","osm_id":5013209521}},{"type":"Feature","geometry":{"type":"Point","coordinates":[106.6670189,10.7759696]},"properties":{"category":"school","name":"Trường Đại Học Ngoại Ngữ Tin Học","osm_id":5013211423}},{"type":"Feature","geometry":{"type":"Point","coordinates":[106.6750119,10.7749228]},"properties":{"category":"school","name":"Trường Quốc Tế Á Châu","osm_id":5013211424}},{"type":"Feature","geometry":{"type":"Point","coordinates":[106.6625353,10.7793317]},"properties":{"category":"school","name":"Trường Trung học phổ thông Nguyễn Du","osm_id":5013264621}},{"type":"Feature","geometry":{"type":"Point","coordinates":[106.6359706,10.774753]},"properties":{"category":"school","name":"Trường Trung học cơ sở-Trung học phổ thông Hoà Bình","osm_id":5013425634}},{"type":"Feature","geometry":{"type":"Point","coordinates":[106.6370702,10.7782285]},"properties":{"category":"school","name":"Trường Trung học phổ thông Nhân Việt","osm_id":5013510921}},{"type":"Feature","geometry":{"type":"Point","coordinates":[106.6294455,10.7989181]},"properties":{"category":"school","name":"Trường Trung học phổ thông Thành Nhân Cơ sở 1","osm_id":5013561022}},{"type":"Feature","geometry":{"type":"Point","coordinates":[106.6284398,10.8027601]},"properties":{"category":"school","name":"Trường Đại Học CNTT Gia Định","osm_id":5013608021}},{"type":"Feature","geometry":{"type":"Point","coordinates":[106.6279046,10.803713]},"properties":{"category":"school","name":"Trường Trung học phổ thông Nhân Văn","osm_id":5013613821}},{"type":"Feature","geometry":{"type":"Point","coordinates":[106.6188883,10.7994028]},"properties":{"category":"school","name":"Trường Trung học cơ sở&Trung học phổ thông Khai Minh","osm_id":5013685221}},{"type":"Feature","geometry":{"type":"Point","coordinates":[106.6913595,10.739315]},"properties":{"category":"school","name":"Trường Cao đẳng Việt Mỹ","osm_id":5015909124}},{"type":"Feature","geometry":{"type":"Point","coordinates":[106.7697684,10.7820745]},"properties":{"category":"school","name":"Trường Cao Đẳng Nghề Thủ Thiêm","osm_id":5019233922}},{"type":"Feature","geometry":{"type":"Point","coordinates":[106.7468714,10.8057797]},"properties":{"category":"school","name":"Trường Tiểu Học Quốc Tế Hồ Chí Minh","osm_id":5019301721}},{"type":"Feature","geometry":{"type":"Point","coordinates":[106.729341,10.8061092]},"properties":{"category":"school","name":"Trường Song Ngữ Horizon","osm_id":5021276323}},{"type":"Feature","geometry":{"type":"Point","coordinates":[106.6751042,10.7601532]},"properties":{"category":"school","name":"Trường Cao Đẳng Phát Thanh Truyền Hình 2","osm_id":5021376521}},{"type":"Feature","geometry":{"type":"Point","coordinates":[106.6750192,10.7663286]},"properties":{"category":"school","name":"Trung Tâm Giáo dục thường xuyên Quận 10","osm_id":5040415528}},{"type":"Feature","geometry":{"type":"Point","coordinates":[106.6406037,10.7834817]},"properties":{"category":"school","name":"Trường Trung Cấp Phương Nam","osm_id":5044135221}},{"type":"Feature","geometry":{"type":"Point","coordinates":[106.6236816,10.7731711]},"properties":{"category":"school","name":"Trường Trung học phổ thông Quốc Văn Sài Gòn","osm_id":5047255721}},{"type":"Feature","geometry":{"type":"Point","coordinates":[106.6537568,10.776527]},"properties":{"category":"school","name":"Trường Trung học cơ sở Lý Thường Kiệt","osm_id":5047270421}},{"type":"Feature","geometry":{"type":"Point","coordinates":[106.6303588,10.768337]},"properties":{"category":"school","name":"Trường Trung Cấp Phương Nam","osm_id":5049984021}},{"type":"Feature","geometry":{"type":"Point","coordinates":[106.6425078,10.749066]},"properties":{"category":"school","name":"Trường Trung Cấp Tây Nam Á","osm_id":5052595821}},{"type":"Feature","geometry":{"type":"Point","coordinates":[106.6239435,10.7603947]},"properties":{"category":"school","name":"Trường Trung học phổ thông Trần Nhân Tông","osm_id":5057391122}},{"type":"Feature","geometry":{"type":"Point","coordinates":[106.6351937,10.7506496]},"properties":{"category":"school","name":"Trường Trung học cơ sở&Trung học phổ thông Dân Lập Đào Duy Anh","osm_id":5057466321}},{"type":"Feature","geometry":{"type":"Point","coordinates":[106.6268702,10.8087247]},"properties":{"category":"school","name":"Trường Trung học phổ thông Nam Việt","osm_id":5063370921}},{"type":"Feature","geometry":{"type":"Point","coordinates":[106.6271079,10.8112784]},"properties":{"category":"school","name":"Trường Trung học phổ thông Tư Thục Đinh Tiên Hoàng","osm_id":5063374424}},{"type":"Feature","geometry":{"type":"Point","coordinates":[106.774328,10.7798781]},"properties":{"category":"school","name":null,"osm_id":5066142621}},{"type":"Feature","geometry":{"type":"Point","coordinates":[106.6352856,10.7497039]},"properties":{"category":"school","name":"Trường Trung học phổ thông Quốc Trí","osm_id":5068037321}},{"type":"Feature","geometry":{"type":"Point","coordinates":[106.6510907,10.7461189]},"properties":{"category":"school","name":"Trung Tâm Hướng Nghiệp Quận 6","osm_id":5115097123}},{"type":"Feature","geometry":{"type":"Point","coordinates":[106.7688245,10.8737046]},"properties":{"category":"school","name":"Trường Mầm Non Vầng Dương","osm_id":5141434821}},{"type":"Feature","geometry":{"type":"Point","coordinates":[106.6449122,10.7731576]},"properties":{"category":"school","name":"Trung Tâm Ngoại Ngữ Thế Hệ Mới SAS","osm_id":5164329526}},{"type":"Feature","geometry":{"type":"Point","coordinates":[106.6894028,10.7485432]},"properties":{"category":"school","name":"Trung Tâm Ngoại Ngữ","osm_id":5178493524}},{"type":"Feature","geometry":{"type":"Point","coordinates":[106.6500686,10.9151241]},"properties":{"category":"school","name":null,"osm_id":5198050958}},{"type":"Feature","geometry":{"type":"Point","coordinates":[106.7068081,10.7989905]},"properties":{"category":"school","name":"Đại Học Kinh Tế Tài Chính","osm_id":5206029581}},{"type":"Feature","geometry":{"type":"Point","coordinates":[106.6357885,10.8480783]},"properties":{"category":"school","name":"Trường Tiểu Học Nguyễn Du","osm_id":5207511122}},{"type":"Feature","geometry":{"type":"Point","coordinates":[106.6384563,10.8506184]},"properties":{"category":"school","name":"Trường Tiểu Học Nguyễn Khuyến","osm_id":5207580621}},{"type":"Feature","geometry":{"type":"Point","coordinates":[106.6167544,10.8491656]},"properties":{"category":"school","name":"Trường Trung học cơ sở Nguyễn An Ninh","osm_id":5238876221}},{"type":"Feature","geometry":{"type":"Point","coordinates":[106.659198,10.973979]},"properties":{"category":"school","name":"ILA Bình Dương #1","osm_id":5319673021}},{"type":"Feature","geometry":{"type":"Point","coordinates":[106.6620494,10.9943959]},"properties":{"category":"school","name":"tập lái xe","osm_id":5321247022}},{"type":"Feature","geometry":{"type":"Point","coordinates":[106.6935816,10.7924]},"properties":{"category":"school","name":null,"osm_id":5350664472}},{"type":"Feature","geometry":{"type":"Point","coordinates":[106.6670284,10.7695248]},"properties":{"category":"school","name":"Trung Tâm Học Tiếng Nhật","osm_id":5352765359}},{"type":"Feature","geometry":{"type":"Point","coordinates":[106.6738506,10.7460882]},"properties":{"category":"school","name":null,"osm_id":5417269156}},{"type":"Feature","geometry":{"type":"Point","coordinates":[106.7913771,10.8464436]},"properties":{"category":"school","name":"Trung tâm bồi dưỡng chính trị Q9","osm_id":5417547823}},{"type":"Feature","geometry":{"type":"Point","coordinates":[106.7679645,10.853454]},"properties":{"category":"school","name":"Trường Mầm Non Học Viện Sài Gòn","osm_id":5417555021}},{"type":"Feature","geometry":{"type":"Point","coordinates":[106.7122992,10.7244938]},"properties":{"category":"school","name":"Trường Mầm non Chuyện Nhỏ","osm_id":5430721723}},{"type":"Feature","geometry":{"type":"Point","coordinates":[106.7558988,10.3555876]},"properties":{"category":"school","name":"Võ Văn Kiết","osm_id":5474638032}},{"type":"Feature","geometry":{"type":"Point","coordinates":[106.3827687,10.460887]},"properties":{"category":"school","name":"Thủ khoa huân","osm_id":5476877722}},{"type":"Feature","geometry":{"type":"Point","coordinates":[107.0136251,10.7034839]},"properties":{"category":"school","name":"Trường Trung học phổ thông Long Phuoc","osm_id":5621311802}},{"type":"Feature","geometry":{"type":"Point","coordinates":[106.7205301,10.7261633]},"properties":{"category":"school","name":null,"osm_id":5730096422}},{"type":"Feature","geometry":{"type":"Point","coordinates":[106.612554,10.8392245]},"properties":{"category":"school","name":"Trường Trung Cấp Việt Khoa","osm_id":5988862285}},{"type":"Feature","geometry":{"type":"Point","coordinates":[106.698595,10.7592636]},"properties":{"category":"school","name":"Trung Tâm Anh Văn Hội Việt Mỹ - VUS","osm_id":6095406886}},{"type":"Feature","geometry":{"type":"Point","coordinates":[106.6669929,10.7696315]},"properties":{"category":"school","name":"Trường Trung học cơ sở Lạc Hồng B","osm_id":6127265987}},{"type":"Feature","geometry":{"type":"Point","coordinates":[106.6682579,10.7690118]},"properties":{"category":"school","name":"Trường Trung học cơ sở Lạc Hồng","osm_id":6128100785}},{"type":"Feature","geometry":{"type":"Point","coordinates":[106.6985656,10.7868247]},"properties":{"category":"school","name":null,"osm_id":6315672480}},{"type":"Feature","geometry":{"type":"Point","coordinates":[106.6911385,10.7853291]},"properties":{"category":"school","name":null,"osm_id":6315687995}},{"type":"Feature","geometry":{"type":"Point","coordinates":[106.6931601,10.7835066]},"properties":{"category":"school","name":"Học viện Nghệ thuật Biểu diễn & Âm nhạc Soul","osm_id":6315688589}},{"type":"Feature","geometry":{"type":"Point","coordinates":[106.6923927,10.7873703]},"properties":{"category":"school","name":"Trung Tâm Đào Tạo Quản Trị Nhà Hàng Khách Sạn Á Âu","osm_id":6397830946}},{"type":"Feature","geometry":{"type":"Point","coordinates":[106.6390187,10.8451627]},"properties":{"category":"school","name":null,"osm_id":6420571505}},{"type":"Feature","geometry":{"type":"Point","coordinates":[107.0120157,10.7033434]},"properties":{"category":"school","name":"Trường mầm non Đa Minh","osm_id":6521871885}},{"type":"Feature","geometry":{"type":"Point","coordinates":[106.6815395,10.7638344]},"properties":{"category":"school","name":"Trường Trung học phổ thông Chuyên Lê Hồng Phong","osm_id":6536295069}},{"type":"Feature","geometry":{"type":"Point","coordinates":[106.7436743,10.7941241]},"properties":{"category":"school","name":null,"osm_id":6547408785}},{"type":"Feature","geometry":{"type":"Point","coordinates":[106.6735798,10.7782124]},"properties":{"category":"school","name":"Trường Tiểu Học Triệu Thị Trinh","osm_id":6574398185}},{"type":"Feature","geometry":{"type":"Point","coordinates":[106.6564324,10.8442408]},"properties":{"category":"school","name":"Trường Tiểu Học Bán Trú - Nội Trú Nhật Tân","osm_id":6586893185}},{"type":"Feature","geometry":{"type":"Point","coordinates":[106.4237869,10.5210749]},"properties":{"category":"school","name":"Nguyễn văn rành","osm_id":6709144985}},{"type":"Feature","geometry":{"type":"Point","coordinates":[106.4227094,10.5239513]},"properties":{"category":"school","name":"Khuyết tật","osm_id":6709145885}},{"type":"Feature","geometry":{"type":"Point","coordinates":[106.4429715,10.4744539]},"properties":{"category":"school","name":"Tiểu học vĩnh công","osm_id":6709183385}},{"type":"Feature","geometry":{"type":"Point","coordinates":[106.4690933,10.4440967]},"properties":{"category":"school","name":"Cơ sỡ vinh công","osm_id":6709266799}},{"type":"Feature","geometry":{"type":"Point","coordinates":[106.5183383,10.599813]},"properties":{"category":"school","name":"Tiểu học long cang","osm_id":6728772886}},{"type":"Feature","geometry":{"type":"Point","coordinates":[106.6122495,10.7440495]},"properties":{"category":"school","name":"Trung Tâm Tiếng Anh Yola","osm_id":6733305482}},{"type":"Feature","geometry":{"type":"Point","coordinates":[106.6330513,10.7527587]},"properties":{"category":"school","name":"Trường Ngoại Ngữ Thần Đồng","osm_id":6736574296}},{"type":"Feature","geometry":{"type":"Point","coordinates":[106.6159858,10.7670868]},"properties":{"category":"school","name":null,"osm_id":6736772321}},{"type":"Feature","geometry":{"type":"Point","coordinates":[106.6723967,10.7785962]},"properties":{"category":"school","name":"Trung Tâm Tư Vấn Du Học Quốc Tế","osm_id":6811490336}},{"type":"Feature","geometry":{"type":"Point","coordinates":[106.6571439,10.7628678]},"properties":{"category":"school","name":"Trung Tâm Dạy Học Tiếng Anh Apollo","osm_id":6937003386}},{"type":"Feature","geometry":{"type":"Point","coordinates":[106.6877845,10.8034054]},"properties":{"category":"school","name":"Trường Trung học cơ sở Châu Văn Liêm","osm_id":7018424191}},{"type":"Feature","geometry":{"type":"Point","coordinates":[106.4785053,10.3484246]},"properties":{"category":"school","name":null,"osm_id":7127467785}},{"type":"Feature","geometry":{"type":"Point","coordinates":[106.6540052,10.8563981]},"properties":{"category":"school","name":"Trường Ngoại Ngữ Pixar - Cơ Sở 2","osm_id":7544959285}},{"type":"Feature","geometry":{"type":"Point","coordinates":[106.7093692,10.7534089]},"properties":{"category":"school","name":"Trường Tiểu Học 1 Tháng 6","osm_id":7558011370}},{"type":"Feature","geometry":{"type":"Point","coordinates":[106.6523359,10.7675613]},"properties":{"category":"school","name":"Lớp Học Nhạc - Hoạ Trí","osm_id":7566688385}},{"type":"Feature","geometry":{"type":"Point","coordinates":[106.6332392,10.8193364]},"properties":{"category":"school","name":"Trường Tiểu Học Nguyễn Văn Kip","osm_id":7796514386}},{"type":"Feature","geometry":{"type":"Point","coordinates":[106.8003674,10.7191112]},"properties":{"category":"school","name":"THọc-Tiểu Học Phú Đông -Võ Thị Sáu-Ấp Bến Ngự- Phú Đông-","osm_id":7805805086}},{"type":"Feature","geometry":{"type":"Point","coordinates":[106.7852318,10.683731]},"properties":{"category":"school","name":"THọc-Trung Học Phước Khánh -Phạm Thái Bường-Ấp 2- Phước Khánh-","osm_id":7805914785}},{"type":"Feature","geometry":{"type":"Point","coordinates":[106.785208,10.684102]},"properties":{"category":"school","name":"THọc-Tiểu Học Phước Khánh -Phạm Thái Bường-Ấp 2- Phước Khánh-","osm_id":7805914885}},{"type":"Feature","geometry":{"type":"Point","coordinates":[106.5155424,10.5590014]},"properties":{"category":"school","name":"Trường Trung học cơ sở Nguyễn Thành Nam","osm_id":8301661380}},{"type":"Feature","geometry":{"type":"Point","coordinates":[106.5405869,10.9393958]},"properties":{"category":"school","name":"Trường Trung học cơ sở Tân Phú Trung","osm_id":9395660873}},{"type":"Feature","geometry":{"type":"Point","coordinates":[106.6917901,10.7778944]},"properties":{"category":"school","name":"UEH-ISB Viện Đào Tạo Quốc Tế","osm_id":9584833447}},{"type":"Feature","geometry":{"type":"Point","coordinates":[106.6880912,10.8212062]},"properties":{"category":"school","name":"Trường Tiểu Học Lê Lợi","osm_id":9584888592}},{"type":"Feature","geometry":{"type":"Point","coordinates":[106.6409969,10.7507647]},"properties":{"category":"school","name":"Trường Trung học cơ sở&Trung học phổ thông Phan Bội Châu Thành phố Hồ Chí Minh","osm_id":9585186636}},{"type":"Feature","geometry":{"type":"Point","coordinates":[106.6562959,10.7737982]},"properties":{"category":"school","name":"Trường Trung học cơ sở - Trung học phổ thông Dân Lập Đào Duy Anh Cơ Sở 2","osm_id":9586918487}},{"type":"Feature","geometry":{"type":"Point","coordinates":[106.6889853,10.745167]},"properties":{"category":"school","name":"Trường Tiểu Học Rạch Ông","osm_id":9586952119}},{"type":"Feature","geometry":{"type":"Point","coordinates":[106.7334466,10.7199825]},"properties":{"category":"school","name":"Trường Tiểu Học Lê Văn Tám","osm_id":9587171492}},{"type":"Feature","geometry":{"type":"Point","coordinates":[106.6632752,10.7627822]},"properties":{"category":"school","name":"Trường Tiểu Học Dương Minh Châu","osm_id":9587268662}},{"type":"Feature","geometry":{"type":"Point","coordinates":[106.7306232,10.8102355]},"properties":{"category":"school","name":"Trườn Quốc tế Anh Quốc","osm_id":9587300725}},{"type":"Feature","geometry":{"type":"Point","coordinates":[106.6334577,10.8064632]},"properties":{"category":"school","name":"Trường Trung học phổ thông Hồng Đức","osm_id":9587309944}},{"type":"Feature","geometry":{"type":"Point","coordinates":[106.6864159,10.8293493]},"properties":{"category":"school","name":"Trường Trung Học Phổ Thông Phan Văn Trị","osm_id":9587329650}},{"type":"Feature","geometry":{"type":"Point","coordinates":[106.7700446,10.8408048]},"properties":{"category":"school","name":"Trường Trung học cơ sở - Trung học phổ thông Hoa Sen","osm_id":9587375645}},{"type":"Feature","geometry":{"type":"Point","coordinates":[106.7366431,10.7316956]},"properties":{"category":"school","name":"Trường Tiểu học Lê Anh Xuân","osm_id":9587375647}},{"type":"Feature","geometry":{"type":"Point","coordinates":[106.7084703,10.737731]},"properties":{"category":"school","name":"Trường Tiểu Học Đinh Bộ Lĩnh","osm_id":9587486342}},{"type":"Feature","geometry":{"type":"Point","coordinates":[106.6220847,10.7249371]},"properties":{"category":"school","name":"Trường Trung Học Phổ Thông Nguyễn Thị Định","osm_id":9587536834}},{"type":"Feature","geometry":{"type":"Point","coordinates":[106.6921957,10.7367224]},"properties":{"category":"school","name":"Trường Quốc Tế Singapore","osm_id":9587536840}},{"type":"Feature","geometry":{"type":"Point","coordinates":[106.7322514,10.7220355]},"properties":{"category":"school","name":"Trường Quốc tế Hàn Quốc","osm_id":9587536848}},{"type":"Feature","geometry":{"type":"Point","coordinates":[106.734707,10.7448751]},"properties":{"category":"school","name":"Trường Song Ngữ Quốc Tế EMASI Nam Long","osm_id":9587566625}},{"type":"Feature","geometry":{"type":"Point","coordinates":[106.7642689,10.8239464]},"properties":{"category":"school","name":"Trường Trung học phổ thông Ngô Thời Nhiệm","osm_id":9587618729}},{"type":"Feature","geometry":{"type":"Point","coordinates":[106.7346208,10.8055241]},"properties":{"category":"school","name":"European International School HCMC","osm_id":9587618751}},{"type":"Feature","geometry":{"type":"Point","coordinates":[106.661469,11.0025107]},"properties":{"category":"school","name":"Trường Tiểu Học Hiệp Thành","osm_id":9593240673}},{"type":"Feature","geometry":{"type":"Point","coordinates":[106.7160416,10.9608258]},"properties":{"category":"school","name":"Trường Tiểu Học Thuận Giao","osm_id":9593278313}},{"type":"Feature","geometry":{"type":"Point","coordinates":[106.5801879,10.6739988]},"properties":{"category":"school","name":"Nhà Sách Fahasa Cây Gõ","osm_id":9593358311}},{"type":"Feature","geometry":{"type":"Point","coordinates":[106.6849919,10.7732994]},"properties":{"category":"market","name":null,"osm_id":6315676093}},{"type":"Feature","geometry":{"type":"Point","coordinates":[106.7646785,10.9127395]},"properties":{"category":"school","name":"Trường Tiểu học Trung học cơ sở Trung học phổ thông Phan Chu Trinh","osm_id":9593572514}},{"type":"Feature","geometry":{"type":"Point","coordinates":[106.7200299,10.9497438]},"properties":{"category":"school","name":"Trường Trung học cơ sở & Trung học phổ thông Đức Trí","osm_id":9593572515}},{"type":"Feature","geometry":{"type":"Point","coordinates":[106.7103347,10.7218027]},"properties":{"category":"school","name":"Trường Trung học cơ sở Trung học phổ thông Đinh Thiện Lý","osm_id":9593578321}},{"type":"Feature","geometry":{"type":"Point","coordinates":[106.6856812,10.7194599]},"properties":{"category":"school","name":"Trường Quốc Tế Anh Việt BVIS","osm_id":9593946640}},{"type":"Feature","geometry":{"type":"Point","coordinates":[106.9521999,10.7855314]},"properties":{"category":"school","name":"Trường Trung học phổ thông Long Thành","osm_id":9602757990}},{"type":"Feature","geometry":{"type":"Point","coordinates":[106.8915062,10.7202148]},"properties":{"category":"school","name":"Trường Trung học phổ thông Nguyễn Bỉnh Khiêm","osm_id":9602757992}},{"type":"Feature","geometry":{"type":"Point","coordinates":[106.9527919,10.78376]},"properties":{"category":"school","name":"Trường Trung học phổ thông Nguyễn Đình Chiểu","osm_id":9602757993}},{"type":"Feature","geometry":{"type":"Point","coordinates":[106.8247451,10.7203104]},"properties":{"category":"school","name":"Trường Trung học phổ thông Nhơn Trạch","osm_id":9602757995}},{"type":"Feature","geometry":{"type":"Point","coordinates":[106.931112,10.7598522]},"properties":{"category":"school","name":"Trường Trung học phổ thông Phước Thiền","osm_id":9602757997}},{"type":"Feature","geometry":{"type":"Point","coordinates":[106.9459481,10.957928]},"properties":{"category":"school","name":"Trường Trung học phổ thông Trần Đại Nghĩa","osm_id":9602758002}},{"type":"Feature","geometry":{"type":"Point","coordinates":[106.9854565,10.9510793]},"properties":{"category":"school","name":"Trường Trung học phổ thông Trịnh Hoài Đức","osm_id":9602758005}},{"type":"Feature","geometry":{"type":"Point","coordinates":[106.6760754,10.7929023]},"properties":{"category":"school","name":"Trường Tiểu Học Vạn Tường","osm_id":9694141325}},{"type":"Feature","geometry":{"type":"Point","coordinates":[106.6010124,10.8654655]},"properties":{"category":"school","name":"Trường Ngoại Ngữ Tin Học HUFLIT","osm_id":10062806617}},{"type":"Feature","geometry":{"type":"Point","coordinates":[106.6987558,10.7543812]},"properties":{"category":"school","name":"Trung Tâm Ngoại Ngữ Quốc Tế Mỹ - Việt Nam","osm_id":10248457090}},{"type":"Feature","geometry":{"type":"Point","coordinates":[106.7742326,10.781199]},"properties":{"category":"school","name":"Viện Thánh Kinh Thần Học","osm_id":10304893410}},{"type":"Feature","geometry":{"type":"Point","coordinates":[106.7205839,10.7268338]},"properties":{"category":"school","name":"Trường Đại học Fulbright Việt Nam","osm_id":10795297017}},{"type":"Feature","geometry":{"type":"Point","coordinates":[106.7202112,10.7270847]},"properties":{"category":"school","name":"Fulbright University Vietnam","osm_id":10866889817}},{"type":"Feature","geometry":{"type":"Point","coordinates":[106.6743412,10.7442983]},"properties":{"category":"school","name":"Trường Tiểu học Vàm Cỏ Đông","osm_id":11054458777}},{"type":"Feature","geometry":{"type":"Point","coordinates":[106.8485914,10.6832618]},"properties":{"category":"school","name":"Trường Tiểu Học Vĩnh Thanh","osm_id":11056551731}},{"type":"Feature","geometry":{"type":"Point","coordinates":[106.6502555,10.8418079]},"properties":{"category":"school","name":"Trường Tiểu học Lương Thế Vinh","osm_id":11059008198}},{"type":"Feature","geometry":{"type":"Point","coordinates":[106.6471956,10.7399824]},"properties":{"category":"school","name":"Trường Tiểu học Hồng Đức","osm_id":11063457603}},{"type":"Feature","geometry":{"type":"Point","coordinates":[106.6417585,10.7979358]},"properties":{"category":"school","name":"Trường Tiểu học - Trung học cơ sở Khai Nguyên - Cơ sở Quận Tân Bình","osm_id":11064584230}},{"type":"Feature","geometry":{"type":"Point","coordinates":[106.665681,10.738285]},"properties":{"category":"school","name":"Trường Trung học cơ sở Inspire - Khai Nguyên - Cơ sở Quận 8","osm_id":11064584492}},{"type":"Feature","geometry":{"type":"Point","coordinates":[106.6696696,10.7387313]},"properties":{"category":"school","name":"Trường Tiểu học Inspire - Khai Nguyên - Cơ sở Quận 8","osm_id":11064584493}},{"type":"Feature","geometry":{"type":"Point","coordinates":[106.7887983,10.8522608]},"properties":{"category":"school","name":"Trường Trung học cơ sở Khai Nguyên - Cơ sở Man Thiện - Thành phố Thủ Đức","osm_id":11064609524}},{"type":"Feature","geometry":{"type":"Point","coordinates":[106.772104,10.8402931]},"properties":{"category":"school","name":"Trường Tiểu học Inspire - Khai Nguyên - Cơ sở Tú Xương - Thành phố Thủ Đức","osm_id":11064615917}},{"type":"Feature","geometry":{"type":"Point","coordinates":[106.5423087,10.4487993]},"properties":{"category":"school","name":"Trường Trung học phổ thông Phan Văn Đạt","osm_id":11093760289}},{"type":"Feature","geometry":{"type":"Point","coordinates":[106.56374,10.4453347]},"properties":{"category":"school","name":"Trường Trung học cơ sở Thuận Mỹ","osm_id":11093760294}},{"type":"Feature","geometry":{"type":"Point","coordinates":[106.5645027,10.4459877]},"properties":{"category":"school","name":"Trường Tiểu Học Thuận Mỹ","osm_id":11093760296}},{"type":"Feature","geometry":{"type":"Point","coordinates":[106.5720355,10.5644458]},"properties":{"category":"school","name":"Trường Tiểu học Tân Trạch","osm_id":11097011117}},{"type":"Feature","geometry":{"type":"Point","coordinates":[106.5853247,10.5824213]},"properties":{"category":"school","name":"Trường Tiểu Học Long Hoà","osm_id":11097020380}},{"type":"Feature","geometry":{"type":"Point","coordinates":[106.5417597,10.5356904]},"properties":{"category":"school","name":"Trường Trung học cơ sở Tân Phước Tây","osm_id":11097054900}},{"type":"Feature","geometry":{"type":"Point","coordinates":[106.5409352,10.5343125]},"properties":{"category":"school","name":"Trường tiểu học Tân Phước Tây","osm_id":11097056593}},{"type":"Feature","geometry":{"type":"Point","coordinates":[106.5162281,10.5394082]},"properties":{"category":"school","name":"Trường Tiểu Học Bình Trinh Đông","osm_id":11097084667}},{"type":"Feature","geometry":{"type":"Point","coordinates":[106.5951086,10.4943689]},"properties":{"category":"school","name":"Trường Trung học cơ sở Tân Ân","osm_id":11112371430}},{"type":"Feature","geometry":{"type":"Point","coordinates":[106.6065242,10.5011515]},"properties":{"category":"school","name":"Trung Tâm Bồi Dưỡng Chính Trị Huyện Cần Đước","osm_id":11112398696}},{"type":"Feature","geometry":{"type":"Point","coordinates":[106.7454798,10.8048259]},"properties":{"category":"school","name":"Kidzone Campus 2","osm_id":11204712937}},{"type":"Feature","geometry":{"type":"Point","coordinates":[106.696974,10.8827283]},"properties":{"category":"school","name":"Trường Trung học cơ sở Châu Văn Liêm","osm_id":11224519729}},{"type":"Feature","geometry":{"type":"Point","coordinates":[106.6962331,10.8827582]},"properties":{"category":"school","name":"Trường Tiểu Học Vĩnh Phú","osm_id":11224525004}},{"type":"Feature","geometry":{"type":"Point","coordinates":[106.8598304,10.8855779]},"properties":{"category":"school","name":"Trường tiểu học An Hòa CS2","osm_id":11244194812}},{"type":"Feature","geometry":{"type":"Point","coordinates":[106.8439328,10.8359532]},"properties":{"category":"school","name":"Trường liên cấp Vin School Cơ sở 2","osm_id":11303670006}},{"type":"Feature","geometry":{"type":"Point","coordinates":[106.7352007,10.7880584]},"properties":{"category":"school","name":"Trường Tiểu học - Trung học cơ sở Pathway Tuệ Đức - Cơ sở Lương Định Của, Thành phố Thủ Đức","osm_id":11330358940}},{"type":"Feature","geometry":{"type":"Point","coordinates":[106.7365254,10.795478]},"properties":{"category":"school","name":"Trường Mầm non Pathway Tuệ Đức - Cơ sở Phú Cường, Thành phố Thủ Đức","osm_id":11335147450}},{"type":"Feature","geometry":{"type":"Point","coordinates":[106.6610655,10.7367374]},"properties":{"category":"school","name":"Trường Mầm non Pathway Tuệ Đức - Cơ sở Bông Sao, Quận 8","osm_id":11399469513}},{"type":"Feature","geometry":{"type":"Point","coordinates":[106.7372632,10.8024965]},"properties":{"category":"school","name":null,"osm_id":11730557969}},{"type":"Feature","geometry":{"type":"Point","coordinates":[106.6793107,10.8568125]},"properties":{"category":"school","name":"Trường Trung học phổ thông Đông Dương","osm_id":12107239311}},{"type":"Feature","geometry":{"type":"Point","coordinates":[106.5152942,10.7966803]},"properties":{"category":"school","name":"Trường Mầm Non Anh Duy","osm_id":12188505405}},{"type":"Feature","geometry":{"type":"Point","coordinates":[106.8396056,10.8665454]},"properties":{"category":"school","name":"Trường Trung học cơ sở Long Bình","osm_id":12381801279}},{"type":"Feature","geometry":{"type":"Point","coordinates":[106.6269805,10.5536913]},"properties":{"category":"school","name":"Trường tiểu học Nguyễn Văn Tiến","osm_id":12500305116}},{"type":"Feature","geometry":{"type":"Point","coordinates":[106.3881028,11.025698]},"properties":{"category":"school","name":null,"osm_id":12625123701}},{"type":"Feature","geometry":{"type":"Point","coordinates":[106.6159438,10.8484423]},"properties":{"category":"school","name":"Trường THCS Nguyễn An Ninh","osm_id":12815969466}},{"type":"Feature","geometry":{"type":"Point","coordinates":[106.8723797,10.9668999]},"properties":{"category":"school","name":"Trường Tiểu học Lý Thường Kiệt (Cơ sở 2)","osm_id":12878794399}},{"type":"Feature","geometry":{"type":"Point","coordinates":[106.5899256,10.8656006]},"properties":{"category":"school","name":"Trường Tiểu học Trần Văn Mười","osm_id":12976024999}},{"type":"Feature","geometry":{"type":"Point","coordinates":[106.6760282,10.7778902]},"properties":{"category":"school","name":"Trường Quân sự Thành Phố Hồ Chí Minh","osm_id":13010779903}},{"type":"Feature","geometry":{"type":"Point","coordinates":[106.6948796,10.7725053]},"properties":{"category":"school","name":"Trường BDVH 218 Lý Tự Trọng","osm_id":13626440101}},{"type":"Feature","geometry":{"type":"Point","coordinates":[106.6460198,10.7482499]},"properties":{"category":"school","name":"Châu Văn Liêm","osm_id":13711296720}},{"type":"Feature","geometry":{"type":"Point","coordinates":[106.6768,10.82815]},"properties":{"category":"school","name":"Trường Tiểu học Kim Đồng","osm_id":14102753301}},{"type":"Feature","geometry":{"type":"Point","coordinates":[106.6523602,10.7847152]},"properties":{"category":"school","name":"Trường Tiểu học Trần Văn Ơn","osm_id":14169114403}},{"type":"Feature","geometry":{"type":"Point","coordinates":[106.6704176,10.7931206]},"properties":{"category":"hospital","name":null,"osm_id":860696621}},{"type":"Feature","geometry":{"type":"Point","coordinates":[106.707021,10.764268]},"properties":{"category":"hospital","name":"Trung Tâm Y Tế Dự Phòng - Phòng Khám Tiêm Phòng","osm_id":947763632}},{"type":"Feature","geometry":{"type":"Point","coordinates":[106.4121969,10.5371749]},"properties":{"category":"hospital","name":"Phòng Chẩn Trị Y Học Cổ Truyền Tư Nhân","osm_id":980135499}},{"type":"Feature","geometry":{"type":"Point","coordinates":[106.4194209,10.5392545]},"properties":{"category":"hospital","name":"Bệnh Viện Đa Khoa Long An - Khoa Nội A1","osm_id":980136874}},{"type":"Feature","geometry":{"type":"Point","coordinates":[106.3882369,10.5448297]},"properties":{"category":"hospital","name":"Điểm Sơ Cấp Cứu","osm_id":980139083}},{"type":"Feature","geometry":{"type":"Point","coordinates":[106.6675233,10.7998479]},"properties":{"category":"hospital","name":"Bệnh viện Phụ sản Mekong","osm_id":2679753974}},{"type":"Feature","geometry":{"type":"Point","coordinates":[106.6965213,10.7795758]},"properties":{"category":"hospital","name":"Columbia Asia Saigon","osm_id":2930719503}},{"type":"Feature","geometry":{"type":"Point","coordinates":[106.6701859,10.762528]},"properties":{"category":"hospital","name":"Trung Tâm Chẩn Đoán Y Khoa Medic - BV Hòa Hảo","osm_id":3098834445}},{"type":"Feature","geometry":{"type":"Point","coordinates":[106.7102737,10.9034999]},"properties":{"category":"hospital","name":"Bệnh viện Đa khoa Quốc Tế Miền Đông","osm_id":3217904580}},{"type":"Feature","geometry":{"type":"Point","coordinates":[106.6312288,11.0253391]},"properties":{"category":"hospital","name":"Thuốc Nam Thầy Thanh","osm_id":4152538490}},{"type":"Feature","geometry":{"type":"Point","coordinates":[106.6143869,10.747644]},"properties":{"category":"hospital","name":"Bệnh Viện Quốc Tế Minh Anh","osm_id":4194566940}},{"type":"Feature","geometry":{"type":"Point","coordinates":[106.6909391,10.7713711]},"properties":{"category":"hospital","name":"Bệnh Viện Mắt Sài Gòn","osm_id":4265539889}},{"type":"Feature","geometry":{"type":"Point","coordinates":[106.6798139,10.7603786]},"properties":{"category":"hospital","name":"Phòng Thí Nghiệm - Kiểm Tra Sức Khoẻ","osm_id":4351238192}},{"type":"Feature","geometry":{"type":"Point","coordinates":[106.6855964,10.9298113]},"properties":{"category":"hospital","name":"HTV","osm_id":4354948495}},{"type":"Feature","geometry":{"type":"Point","coordinates":[106.6432036,10.7774803]},"properties":{"category":"hospital","name":null,"osm_id":4513147189}},{"type":"Feature","geometry":{"type":"Point","coordinates":[106.6415956,10.7999684]},"properties":{"category":"hospital","name":"Bệnh Viện Đa Khoa Mỹ Đức","osm_id":4613806894}},{"type":"Feature","geometry":{"type":"Point","coordinates":[106.7339143,10.7255507]},"properties":{"category":"hospital","name":"Nhà Thuốc Thái Thanh","osm_id":4698549590}},{"type":"Feature","geometry":{"type":"Point","coordinates":[106.7688866,10.7845666]},"properties":{"category":"hospital","name":null,"osm_id":4916050621}},{"type":"Feature","geometry":{"type":"Point","coordinates":[106.6559853,10.775471]},"properties":{"category":"hospital","name":"Trung Tâm Hiến Múa Nhân Đạo","osm_id":4981926121}},{"type":"Feature","geometry":{"type":"Point","coordinates":[106.6702604,10.7626193]},"properties":{"category":"hospital","name":"Bệnh Viện Hòa Hảo","osm_id":5347976523}},{"type":"Feature","geometry":{"type":"Point","coordinates":[106.6843795,10.7519331]},"properties":{"category":"hospital","name":"Phòng Khám Đa Khoa Thế Giới","osm_id":5436559246}},{"type":"Feature","geometry":{"type":"Point","coordinates":[106.7070886,10.9512217]},"properties":{"category":"hospital","name":"Columbia Asia Hospital","osm_id":5465803021}},{"type":"Feature","geometry":{"type":"Point","coordinates":[106.6672345,10.7950017]},"properties":{"category":"hospital","name":"Bệnh Viện Sài Gòn ITO","osm_id":6315688000}},{"type":"Feature","geometry":{"type":"Point","coordinates":[106.6783081,10.848021]},"properties":{"category":"hospital","name":"Phòng Khám Đa Khoa Hữu Nghị","osm_id":6336841552}},{"type":"Feature","geometry":{"type":"Point","coordinates":[106.5849097,10.7480919]},"properties":{"category":"hospital","name":null,"osm_id":6711085281}},{"type":"Feature","geometry":{"type":"Point","coordinates":[106.6617832,10.7585783]},"properties":{"category":"hospital","name":"Phòng khám đa khoa quốc tế Nhân Hậu","osm_id":6769858764}},{"type":"Feature","geometry":{"type":"Point","coordinates":[106.6621153,10.7587193]},"properties":{"category":"hospital","name":"Phòng Khám Đa Khoa An Phúc","osm_id":6953550385}},{"type":"Feature","geometry":{"type":"Point","coordinates":[106.6866028,10.8037745]},"properties":{"category":"hospital","name":"Trạm Y Tế Phường 7 Quận Phú Nhuận","osm_id":7017574263}},{"type":"Feature","geometry":{"type":"Point","coordinates":[106.696342,10.7515951]},"properties":{"category":"hospital","name":"Bệnh viện Đa khoa Tân Hưng","osm_id":9586251041}},{"type":"Feature","geometry":{"type":"Point","coordinates":[106.7631673,10.8699419]},"properties":{"category":"hospital","name":"Bệnh Viện Hoà Hảo","osm_id":9586916914}},{"type":"Feature","geometry":{"type":"Point","coordinates":[106.6218645,10.8317212]},"properties":{"category":"hospital","name":"Bệnh viện Đa khoa Tâm Trí Sài Gòn","osm_id":9593240663}},{"type":"Feature","geometry":{"type":"Point","coordinates":[106.7371674,10.9475149]},"properties":{"category":"hospital","name":"Bệnh Viện Đa khoa An Phú","osm_id":9593340017}},{"type":"Feature","geometry":{"type":"Point","coordinates":[106.7273892,10.8910082]},"properties":{"category":"hospital","name":"Bệnh Viện Hoàn Hảo 2","osm_id":9593340024}},{"type":"Feature","geometry":{"type":"Point","coordinates":[106.607722,10.7405442]},"properties":{"category":"hospital","name":"Bệnh viện Gia An 115","osm_id":9593946639}},{"type":"Feature","geometry":{"type":"Point","coordinates":[106.6932273,10.7651115]},"properties":{"category":"hospital","name":"Bệnh viện Quận 1 (cơ sở 2)","osm_id":9965185460}},{"type":"Feature","geometry":{"type":"Point","coordinates":[106.7274159,10.7442536]},"properties":{"category":"hospital","name":"BỆNH VIỆN MẮT","osm_id":10047410618}},{"type":"Feature","geometry":{"type":"Point","coordinates":[106.7665022,10.8558331]},"properties":{"category":"hospital","name":"Phòng khám đa khoa YHCT Thiên Phúc Đường","osm_id":10170524317}},{"type":"Feature","geometry":{"type":"Point","coordinates":[106.6406947,10.8763131]},"properties":{"category":"hospital","name":"188 Beauty Spa quận 12 | Viện thẩm mỹ hàng đầu tpHCM","osm_id":10982272878}},{"type":"Feature","geometry":{"type":"Point","coordinates":[106.7874696,10.6798522]},"properties":{"category":"hospital","name":"Trung Tâm Y Tế Huyện Nhơn Trạch Tram Y Tế Xã Phước Khánh","osm_id":11056537972}},{"type":"Feature","geometry":{"type":"Point","coordinates":[106.5156639,10.5393794]},"properties":{"category":"hospital","name":"Trạm Y Tế Xã Bình Trinh Đông","osm_id":11097066558}},{"type":"Feature","geometry":{"type":"Point","coordinates":[106.6222104,10.4886683]},"properties":{"category":"hospital","name":"Trạm y tế xã Phước Đông","osm_id":11112384435}},{"type":"Feature","geometry":{"type":"Point","coordinates":[106.5962387,10.4953379]},"properties":{"category":"hospital","name":"Trạm Y Tế Xã Tân Ân","osm_id":11112386855}},{"type":"Feature","geometry":{"type":"Point","coordinates":[106.8616285,10.8888316]},"properties":{"category":"hospital","name":"Trạm Y Tế Xã An Hòa","osm_id":11153640080}},{"type":"Feature","geometry":{"type":"Point","coordinates":[106.8153901,10.8375648]},"properties":{"category":"hospital","name":"Kyo","osm_id":11391582959}},{"type":"Feature","geometry":{"type":"Point","coordinates":[106.7080164,10.7278961]},"properties":{"category":"hospital","name":"Phòng Khám Dr Vein","osm_id":12030710756}},{"type":"Feature","geometry":{"type":"Point","coordinates":[106.6998107,10.7404252]},"properties":{"category":"hospital","name":"Nha Khoa SingDent","osm_id":12249370630}},{"type":"Feature","geometry":{"type":"Point","coordinates":[106.8010104,10.9585849]},"properties":{"category":"hospital","name":"BlueSAO VIỆT NAM","osm_id":12381800064}},{"type":"Feature","geometry":{"type":"Point","coordinates":[106.6782304,10.7575935]},"properties":{"category":"hospital","name":"Viện thấm mỹ Bác sĩ Minh","osm_id":12522128792}},{"type":"Feature","geometry":{"type":"Point","coordinates":[106.708011,10.7278806]},"properties":{"category":"hospital","name":"Phòng khám bác sĩ Hồ Cao Vũ","osm_id":13111877476}},{"type":"Feature","geometry":{"type":"Point","coordinates":[106.6855655,10.7605922]},"properties":{"category":"hospital","name":"Bệnh Viện Thẩm Mỹ Siam Thailand","osm_id":13136131207}},{"type":"Feature","geometry":{"type":"Point","coordinates":[106.6151358,10.8054227]},"properties":{"category":"hospital","name":"Yoga trị liệu l Ci Yoga Therapy CN Celadon","osm_id":13318582571}},{"type":"Feature","geometry":{"type":"Point","coordinates":[106.8646578,10.9429199]},"properties":{"category":"hospital","name":"Lam Thao pharmacy store","osm_id":13569950922}},{"type":"Feature","geometry":{"type":"Point","coordinates":[106.7309874,11.0445729]},"properties":{"category":"hospital","name":"Nam tân Uyên","osm_id":13597664101}},{"type":"Feature","geometry":{"type":"Point","coordinates":[106.7130832,10.7366377]},"properties":{"category":"hospital","name":"Phòng khám Medisen Thư An","osm_id":13597856853}},{"type":"Feature","geometry":{"type":"Point","coordinates":[106.9591757,10.9567812]},"properties":{"category":"hospital","name":"Giáo Xứ Tân Thành","osm_id":14104456017}},{"type":"Feature","geometry":{"type":"Point","coordinates":[106.4073605,10.5373735]},"properties":{"category":"market","name":"Siêu thị điện máy Phước Lập","osm_id":980136662}},{"type":"Feature","geometry":{"type":"Point","coordinates":[106.4165997,10.5313746]},"properties":{"category":"market","name":"Chợ Đêm Tân An","osm_id":980138079}},{"type":"Feature","geometry":{"type":"Point","coordinates":[106.4107415,10.5345475]},"properties":{"category":"market","name":"Coopmart Tân An","osm_id":980138807}},{"type":"Feature","geometry":{"type":"Point","coordinates":[106.6949172,10.806477]},"properties":{"category":"market","name":"Cửa Hàng Tiện Lợi Shop&Go!","osm_id":1001114473}},{"type":"Feature","geometry":{"type":"Point","coordinates":[106.7012353,10.8036214]},"properties":{"category":"market","name":"Focomart","osm_id":1001114491}},{"type":"Feature","geometry":{"type":"Point","coordinates":[106.6724185,10.3606458]},"properties":{"category":"market","name":"Chợ Gò Công (mới)","osm_id":1270298405}},{"type":"Feature","geometry":{"type":"Point","coordinates":[106.673558,10.3622504]},"properties":{"category":"market","name":"Chợ Gò Công","osm_id":1270298441}},{"type":"Feature","geometry":{"type":"Point","coordinates":[107.0186129,11.0437006]},"properties":{"category":"market","name":"Chợ Vĩnh Tân","osm_id":1275271658}},{"type":"Feature","geometry":{"type":"Point","coordinates":[106.6811112,10.7769187]},"properties":{"category":"market","name":"Maximart","osm_id":1597982717}},{"type":"Feature","geometry":{"type":"Point","coordinates":[106.6981233,10.816301]},"properties":{"category":"market","name":"Siêu Thị Bình Hòa","osm_id":1635104039}},{"type":"Feature","geometry":{"type":"Point","coordinates":[106.7071706,10.8224451]},"properties":{"category":"market","name":"Siêu Thị Mini Bình Minh","osm_id":1641500874}},{"type":"Feature","geometry":{"type":"Point","coordinates":[106.6731127,10.7579255]},"properties":{"category":"market","name":"Siêu Thị Mela","osm_id":1657475508}},{"type":"Feature","geometry":{"type":"Point","coordinates":[106.704673,10.7737618]},"properties":{"category":"market","name":null,"osm_id":1770597640}},{"type":"Feature","geometry":{"type":"Point","coordinates":[106.6624963,10.7559528]},"properties":{"category":"market","name":"Cửa Hàng Mua Sắm Citimart","osm_id":1773230303}},{"type":"Feature","geometry":{"type":"Point","coordinates":[106.694865,10.758802]},"properties":{"category":"market","name":"Chợ Cầu Dừa","osm_id":1779408189}},{"type":"Feature","geometry":{"type":"Point","coordinates":[106.7572494,10.8724735]},"properties":{"category":"market","name":"Chợ An Bình","osm_id":1921519106}},{"type":"Feature","geometry":{"type":"Point","coordinates":[106.7183878,10.7284509]},"properties":{"category":"market","name":"AEON Nguyễn Văn Linh","osm_id":1987339356}},{"type":"Feature","geometry":{"type":"Point","coordinates":[106.6645954,10.7542055]},"properties":{"category":"market","name":"Siêu thị Điện máy Chợ Lớn","osm_id":1997154373}},{"type":"Feature","geometry":{"type":"Point","coordinates":[106.634147,10.806804]},"properties":{"category":"market","name":"Big C","osm_id":2082378066}},{"type":"Feature","geometry":{"type":"Point","coordinates":[106.7050958,10.7767779]},"properties":{"category":"market","name":"Siêu Thị Online Annam Gourmet","osm_id":2141010789}},{"type":"Feature","geometry":{"type":"Point","coordinates":[106.6755113,10.7864217]},"properties":{"category":"market","name":"Co.opmart Nhiêu Lộc","osm_id":2176765019}},{"type":"Feature","geometry":{"type":"Point","coordinates":[106.6356317,10.847542]},"properties":{"category":"market","name":"Chợ Cầu","osm_id":2296666121}},{"type":"Feature","geometry":{"type":"Point","coordinates":[106.6820675,10.8295261]},"properties":{"category":"market","name":"Co.opmart Phan Văn Trị","osm_id":2341617019}},{"type":"Feature","geometry":{"type":"Point","coordinates":[106.6917046,10.86014]},"properties":{"category":"market","name":"Chợ Vườn Lài","osm_id":2341630281}},{"type":"Feature","geometry":{"type":"Point","coordinates":[106.6529897,10.7708442]},"properties":{"category":"market","name":"Siêu Thị Co.opMart - Phú Thọ","osm_id":2458141596}},{"type":"Feature","geometry":{"type":"Point","coordinates":[106.6436933,10.8419863]},"properties":{"category":"market","name":"Co-opmart Liên Hiệp Thành phố Hồ Chí Minh","osm_id":2593670953}},{"type":"Feature","geometry":{"type":"Point","coordinates":[106.7468623,10.8014349]},"properties":{"category":"market","name":"Big C","osm_id":2623036409}},{"type":"Feature","geometry":{"type":"Point","coordinates":[106.7840226,10.831297]},"properties":{"category":"market","name":"Chợ Tăng Nhơn Phú B","osm_id":2776788997}},{"type":"Feature","geometry":{"type":"Point","coordinates":[106.7383719,10.7866226]},"properties":{"category":"market","name":"Chợ Bình Khánh","osm_id":2817112818}},{"type":"Feature","geometry":{"type":"Point","coordinates":[106.919392,10.38719]},"properties":{"category":"market","name":"Chợ Hải Sản Hàng Dương","osm_id":2947357933}},{"type":"Feature","geometry":{"type":"Point","coordinates":[106.69973,10.784261]},"properties":{"category":"market","name":"Citimart","osm_id":2948812333}},{"type":"Feature","geometry":{"type":"Point","coordinates":[107.020542,10.688255]},"properties":{"category":"market","name":"Market","osm_id":2975422434}},{"type":"Feature","geometry":{"type":"Point","coordinates":[107.0163,10.692771]},"properties":{"category":"market","name":"Ap 3","osm_id":2980508739}},{"type":"Feature","geometry":{"type":"Point","coordinates":[107.006428,10.706494]},"properties":{"category":"market","name":"Ấp Tập Phước","osm_id":2980508740}},{"type":"Feature","geometry":{"type":"Point","coordinates":[107.020589,10.686698]},"properties":{"category":"market","name":"Ấp Long Phú","osm_id":2980546433}},{"type":"Feature","geometry":{"type":"Point","coordinates":[106.989644,10.72898]},"properties":{"category":"market","name":"Ấp Đất Mới","osm_id":2980559933}},{"type":"Feature","geometry":{"type":"Point","coordinates":[106.7119424,10.8119362]},"properties":{"category":"market","name":"Co.op Mart","osm_id":3631210571}},{"type":"Feature","geometry":{"type":"Point","coordinates":[106.6877461,10.7666709]},"properties":{"category":"market","name":"Siêu Thị C&C","osm_id":3899274115}},{"type":"Feature","geometry":{"type":"Point","coordinates":[106.6975615,10.7736896]},"properties":{"category":"market","name":"Street Food Market","osm_id":3928108846}},{"type":"Feature","geometry":{"type":"Point","coordinates":[106.7802879,10.8448244]},"properties":{"category":"market","name":"Vincom Lê Văn Việt","osm_id":4125804797}},{"type":"Feature","geometry":{"type":"Point","coordinates":[106.6944333,10.7858096]},"properties":{"category":"market","name":"Trung Tâm Mua Sắm Sài Gòn Square 3","osm_id":4131363694}},{"type":"Feature","geometry":{"type":"Point","coordinates":[106.6776016,10.7633674]},"properties":{"category":"market","name":"Chợ Campuchia","osm_id":4138575689}},{"type":"Feature","geometry":{"type":"Point","coordinates":[106.70382,10.741349]},"properties":{"category":"market","name":"Satra Foods","osm_id":4235350089}},{"type":"Feature","geometry":{"type":"Point","coordinates":[106.779132,10.845618]},"properties":{"category":"market","name":"Vincom Lê Văn Việt","osm_id":4236992790}},{"type":"Feature","geometry":{"type":"Point","coordinates":[106.780152,10.8450364]},"properties":{"category":"market","name":"Nhà sách Fahasha","osm_id":4269770701}},{"type":"Feature","geometry":{"type":"Point","coordinates":[106.7210254,10.863161]},"properties":{"category":"market","name":"Chợ Hiệp Bình Phước","osm_id":4295824693}},{"type":"Feature","geometry":{"type":"Point","coordinates":[106.7032896,10.7295702]},"properties":{"category":"market","name":"Trung Tâm Mua Sắm Vivo City","osm_id":4405282091}},{"type":"Feature","geometry":{"type":"Point","coordinates":[106.7333084,10.9433264]},"properties":{"category":"market","name":"Trung tâm mua sắm KDC viet-sing","osm_id":4489477989}},{"type":"Feature","geometry":{"type":"Point","coordinates":[106.6269122,10.7987967]},"properties":{"category":"market","name":"Cửa Hàng 137FoodMart","osm_id":4505596089}},{"type":"Feature","geometry":{"type":"Point","coordinates":[106.741571,10.8024983]},"properties":{"category":"market","name":"WinMart","osm_id":4531687689}},{"type":"Feature","geometry":{"type":"Point","coordinates":[106.6858615,10.7557937]},"properties":{"category":"market","name":"Chợ Nancy","osm_id":4593843138}},{"type":"Feature","geometry":{"type":"Point","coordinates":[106.6928286,10.7676377]},"properties":{"category":"market","name":"Chợ Chiều","osm_id":4617175606}},{"type":"Feature","geometry":{"type":"Point","coordinates":[106.6653042,10.7641455]},"properties":{"category":"market","name":"Chợ Nhật Tảo","osm_id":4618297763}},{"type":"Feature","geometry":{"type":"Point","coordinates":[106.7385877,10.7993153]},"properties":{"category":"market","name":null,"osm_id":4682668010}},{"type":"Feature","geometry":{"type":"Point","coordinates":[106.7108475,10.722053]},"properties":{"category":"market","name":"Siêu Thị K-Market","osm_id":4793094521}},{"type":"Feature","geometry":{"type":"Point","coordinates":[106.6933366,10.7692667]},"properties":{"category":"market","name":"Trung Tâm Thương Mại Sense Market","osm_id":4805126021}},{"type":"Feature","geometry":{"type":"Point","coordinates":[106.5655415,10.8324893]},"properties":{"category":"market","name":"Chợ Vĩnh Lộc A","osm_id":4865522226}},{"type":"Feature","geometry":{"type":"Point","coordinates":[106.6679563,10.9855069]},"properties":{"category":"market","name":"Chợ Đình","osm_id":4872310218}},{"type":"Feature","geometry":{"type":"Point","coordinates":[106.6698845,10.7368314]},"properties":{"category":"market","name":"Cửa Hàng Zakka Nautrals - Tạ Quang Bửu","osm_id":4875562331}},{"type":"Feature","geometry":{"type":"Point","coordinates":[106.7410142,10.8443245]},"properties":{"category":"market","name":"Zakka Thủ Đức","osm_id":4875562333}},{"type":"Feature","geometry":{"type":"Point","coordinates":[106.7086808,10.727056]},"properties":{"category":"market","name":"Siêu Thị K-Market","osm_id":4875562735}},{"type":"Feature","geometry":{"type":"Point","coordinates":[106.6695155,10.7991432]},"properties":{"category":"market","name":"Siêu Thị Tiện Lợi Nam An","osm_id":4875562738}},{"type":"Feature","geometry":{"type":"Point","coordinates":[106.7041195,10.7717991]},"properties":{"category":"market","name":"Thi's Market","osm_id":4875563424}},{"type":"Feature","geometry":{"type":"Point","coordinates":[106.7506496,10.7993794]},"properties":{"category":"market","name":"Cửa Hàng My Market Imperia","osm_id":4875563425}},{"type":"Feature","geometry":{"type":"Point","coordinates":[106.6303666,10.8252692]},"properties":{"category":"market","name":"Siêu Thị Tiện Lợi Citi Mart","osm_id":4875563426}},{"type":"Feature","geometry":{"type":"Point","coordinates":[106.6901287,10.7618357]},"properties":{"category":"market","name":"Siêu Thị Tiện Lợi US","osm_id":4882823421}},{"type":"Feature","geometry":{"type":"Point","coordinates":[106.6955178,10.7435024]},"properties":{"category":"market","name":"Siêu Thị Tiện Lợi Citi Mart","osm_id":4886878622}},{"type":"Feature","geometry":{"type":"Point","coordinates":[106.7524888,10.9175385]},"properties":{"category":"market","name":null,"osm_id":4895243369}},{"type":"Feature","geometry":{"type":"Point","coordinates":[106.6725047,10.7968933]},"properties":{"category":"market","name":null,"osm_id":4918129153}},{"type":"Feature","geometry":{"type":"Point","coordinates":[106.6646802,10.7863791]},"properties":{"category":"market","name":null,"osm_id":4925670429}},{"type":"Feature","geometry":{"type":"Point","coordinates":[106.7199627,10.6284038]},"properties":{"category":"market","name":"LOCK&LOCK","osm_id":4934180222}},{"type":"Feature","geometry":{"type":"Point","coordinates":[106.746659,10.8763939]},"properties":{"category":"market","name":"Chợ Khiết Tâm","osm_id":4938463194}},{"type":"Feature","geometry":{"type":"Point","coordinates":[106.7065726,10.7313114]},"properties":{"category":"market","name":"K-Market","osm_id":4952122023}},{"type":"Feature","geometry":{"type":"Point","coordinates":[106.7182069,10.8220612]},"properties":{"category":"market","name":"Khu vui chơi, mua sắm Zakka","osm_id":4952150921}},{"type":"Feature","geometry":{"type":"Point","coordinates":[106.7038225,10.7168413]},"properties":{"category":"market","name":"Siêu Thị K-Market","osm_id":4952151021}},{"type":"Feature","geometry":{"type":"Point","coordinates":[106.78289,10.849712]},"properties":{"category":"market","name":"Siêu thị Co.op Xtra Linh Xuân","osm_id":4960265821}},{"type":"Feature","geometry":{"type":"Point","coordinates":[106.6670518,10.9844561]},"properties":{"category":"market","name":"Coo.p Mart Bình Dương (Binh Duong Square)","osm_id":5001651726}},{"type":"Feature","geometry":{"type":"Point","coordinates":[106.6644315,10.987056]},"properties":{"category":"market","name":"Big C","osm_id":5001651827}},{"type":"Feature","geometry":{"type":"Point","coordinates":[106.6484854,10.7659514]},"properties":{"category":"market","name":"Chợ Chim Xanh","osm_id":5001799155}},{"type":"Feature","geometry":{"type":"Point","coordinates":[106.5914867,10.8031496]},"properties":{"category":"market","name":null,"osm_id":5050555425}},{"type":"Feature","geometry":{"type":"Point","coordinates":[106.45659,10.898337]},"properties":{"category":"market","name":"Siêu thị Mini 2 Chị Em","osm_id":5095424424}},{"type":"Feature","geometry":{"type":"Point","coordinates":[106.719974,10.8257516]},"properties":{"category":"market","name":"Chung cư Mỹ Kim","osm_id":5182537727}},{"type":"Feature","geometry":{"type":"Point","coordinates":[106.67081,10.7702128]},"properties":{"category":"market","name":null,"osm_id":5211511726}},{"type":"Feature","geometry":{"type":"Point","coordinates":[106.6927709,10.762326]},"properties":{"category":"market","name":null,"osm_id":5316003321}},{"type":"Feature","geometry":{"type":"Point","coordinates":[106.6795527,10.7867494]},"properties":{"category":"market","name":"Co.op Food","osm_id":5352258705}},{"type":"Feature","geometry":{"type":"Point","coordinates":[106.6695387,10.7705491]},"properties":{"category":"market","name":"Co.op Xtra","osm_id":5366253638}},{"type":"Feature","geometry":{"type":"Point","coordinates":[106.6978262,10.7642836]},"properties":{"category":"market","name":"Sạp Khô Hải Phựợng","osm_id":5382455323}},{"type":"Feature","geometry":{"type":"Point","coordinates":[106.6711112,10.7432291]},"properties":{"category":"market","name":"Chợ Phạm Thế Hiển","osm_id":5433188022}},{"type":"Feature","geometry":{"type":"Point","coordinates":[106.7054977,10.7515198]},"properties":{"category":"market","name":"Chợ Tân Kiểng 1","osm_id":5436824926}},{"type":"Feature","geometry":{"type":"Point","coordinates":[106.7159571,10.7452285]},"properties":{"category":"market","name":null,"osm_id":5436848729}},{"type":"Feature","geometry":{"type":"Point","coordinates":[106.6961872,10.7722701]},"properties":{"category":"market","name":null,"osm_id":5559637423}},{"type":"Feature","geometry":{"type":"Point","coordinates":[106.6784826,10.7581159]},"properties":{"category":"market","name":"Chợ Bàu Sen","osm_id":5598913820}},{"type":"Feature","geometry":{"type":"Point","coordinates":[106.6731423,10.7625665]},"properties":{"category":"market","name":null,"osm_id":5598915237}},{"type":"Feature","geometry":{"type":"Point","coordinates":[106.6761598,10.7665321]},"properties":{"category":"market","name":null,"osm_id":5598915523}},{"type":"Feature","geometry":{"type":"Point","coordinates":[106.7117045,10.9323422]},"properties":{"category":"market","name":"AEON Mail Bình Dương","osm_id":5612883022}},{"type":"Feature","geometry":{"type":"Point","coordinates":[107.0057555,10.7111536]},"properties":{"category":"market","name":"Chợ Phước Hoà","osm_id":5613330520}},{"type":"Feature","geometry":{"type":"Point","coordinates":[106.74254,10.9085299]},"properties":{"category":"market","name":null,"osm_id":5635243121}},{"type":"Feature","geometry":{"type":"Point","coordinates":[106.5752031,10.7103398]},"properties":{"category":"market","name":"Co.op Smile","osm_id":5648126669}},{"type":"Feature","geometry":{"type":"Point","coordinates":[106.7216474,10.8018528]},"properties":{"category":"market","name":"WinMart","osm_id":5688482069}},{"type":"Feature","geometry":{"type":"Point","coordinates":[106.6997921,10.7742791]},"properties":{"category":"market","name":null,"osm_id":5743013321}},{"type":"Feature","geometry":{"type":"Point","coordinates":[106.6924438,10.7655607]},"properties":{"category":"market","name":"Siêu thị phượt","osm_id":5773200656}},{"type":"Feature","geometry":{"type":"Point","coordinates":[106.6744543,10.7338138]},"properties":{"category":"market","name":"Siêu thị Satra Mart - Phạm Hùng","osm_id":5803798754}},{"type":"Feature","geometry":{"type":"Point","coordinates":[106.7108159,10.7910586]},"properties":{"category":"market","name":null,"osm_id":5950622190}},{"type":"Feature","geometry":{"type":"Point","coordinates":[106.6058071,10.6947021]},"properties":{"category":"market","name":"Co.op Food","osm_id":6021305938}},{"type":"Feature","geometry":{"type":"Point","coordinates":[106.6071452,10.6941007]},"properties":{"category":"market","name":"Siêu Thị Hoàng Quân","osm_id":6024915705}},{"type":"Feature","geometry":{"type":"Point","coordinates":[106.6948322,10.767144]},"properties":{"category":"market","name":null,"osm_id":6054062365}},{"type":"Feature","geometry":{"type":"Point","coordinates":[106.7007584,10.7731189]},"properties":{"category":"market","name":"Thực Phẩm Hữu Cơ An Toàn - Nam An","osm_id":6157860892}},{"type":"Feature","geometry":{"type":"Point","coordinates":[106.7217122,10.7948324]},"properties":{"category":"market","name":null,"osm_id":6220665412}},{"type":"Feature","geometry":{"type":"Point","coordinates":[106.7716974,10.7720132]},"properties":{"category":"market","name":"Co.op Mart","osm_id":6239863087}},{"type":"Feature","geometry":{"type":"Point","coordinates":[106.7714773,10.7718057]},"properties":{"category":"market","name":"WinMart","osm_id":6239863088}},{"type":"Feature","geometry":{"type":"Point","coordinates":[106.6970016,10.7695785]},"properties":{"category":"market","name":null,"osm_id":6284329388}},{"type":"Feature","geometry":{"type":"Point","coordinates":[106.6878402,10.7627701]},"properties":{"category":"market","name":null,"osm_id":6284408685}},{"type":"Feature","geometry":{"type":"Point","coordinates":[106.6962326,10.766391]},"properties":{"category":"market","name":null,"osm_id":6315388826}},{"type":"Feature","geometry":{"type":"Point","coordinates":[106.6965487,10.7658092]},"properties":{"category":"market","name":null,"osm_id":6315388828}},{"type":"Feature","geometry":{"type":"Point","coordinates":[106.6957305,10.7849873]},"properties":{"category":"market","name":null,"osm_id":6315388859}},{"type":"Feature","geometry":{"type":"Point","coordinates":[106.6879571,10.7661781]},"properties":{"category":"market","name":null,"osm_id":6315388865}},{"type":"Feature","geometry":{"type":"Point","coordinates":[106.6875678,10.764657]},"properties":{"category":"market","name":null,"osm_id":6315388868}},{"type":"Feature","geometry":{"type":"Point","coordinates":[106.6891263,10.7621024]},"properties":{"category":"market","name":null,"osm_id":6315388877}},{"type":"Feature","geometry":{"type":"Point","coordinates":[106.7008446,10.8189146]},"properties":{"category":"market","name":null,"osm_id":6315390289}},{"type":"Feature","geometry":{"type":"Point","coordinates":[106.6990298,10.8193566]},"properties":{"category":"market","name":null,"osm_id":6315390290}},{"type":"Feature","geometry":{"type":"Point","coordinates":[106.6930053,10.792129]},"properties":{"category":"market","name":null,"osm_id":6315390293}},{"type":"Feature","geometry":{"type":"Point","coordinates":[106.6989915,10.8189017]},"properties":{"category":"market","name":null,"osm_id":6315390422}},{"type":"Feature","geometry":{"type":"Point","coordinates":[106.6903151,10.7637656]},"properties":{"category":"market","name":null,"osm_id":6315390444}},{"type":"Feature","geometry":{"type":"Point","coordinates":[106.6714069,10.7859857]},"properties":{"category":"market","name":null,"osm_id":6315390485}},{"type":"Feature","geometry":{"type":"Point","coordinates":[106.670304,10.7817458]},"properties":{"category":"market","name":null,"osm_id":6315390492}},{"type":"Feature","geometry":{"type":"Point","coordinates":[106.6907638,10.7658114]},"properties":{"category":"market","name":null,"osm_id":6315395287}},{"type":"Feature","geometry":{"type":"Point","coordinates":[106.6957358,10.7634408]},"properties":{"category":"market","name":"Co.op smile","osm_id":6315672391}},{"type":"Feature","geometry":{"type":"Point","coordinates":[106.6815332,10.7605434]},"properties":{"category":"market","name":null,"osm_id":6315672440}},{"type":"Feature","geometry":{"type":"Point","coordinates":[106.7023728,10.7856676]},"properties":{"category":"market","name":null,"osm_id":6315672466}},{"type":"Feature","geometry":{"type":"Point","coordinates":[106.6988881,10.7852278]},"properties":{"category":"market","name":null,"osm_id":6315672483}},{"type":"Feature","geometry":{"type":"Point","coordinates":[106.6967533,10.7686806]},"properties":{"category":"market","name":null,"osm_id":6315672795}},{"type":"Feature","geometry":{"type":"Point","coordinates":[106.6737931,10.758085]},"properties":{"category":"market","name":null,"osm_id":6315672811}},{"type":"Feature","geometry":{"type":"Point","coordinates":[106.6820527,10.7700652]},"properties":{"category":"market","name":null,"osm_id":6315672862}},{"type":"Feature","geometry":{"type":"Point","coordinates":[106.698549,10.7680302]},"properties":{"category":"market","name":null,"osm_id":6315672886}},{"type":"Feature","geometry":{"type":"Point","coordinates":[106.6761072,10.7916005]},"properties":{"category":"market","name":null,"osm_id":6315672928}},{"type":"Feature","geometry":{"type":"Point","coordinates":[106.6770997,10.7918196]},"properties":{"category":"market","name":null,"osm_id":6315672931}},{"type":"Feature","geometry":{"type":"Point","coordinates":[106.679414,10.7597325]},"properties":{"category":"market","name":null,"osm_id":6315673290}},{"type":"Feature","geometry":{"type":"Point","coordinates":[106.6989439,10.7686252]},"properties":{"category":"market","name":null,"osm_id":6315673300}},{"type":"Feature","geometry":{"type":"Point","coordinates":[106.6764316,10.7914374]},"properties":{"category":"market","name":null,"osm_id":6315673311}},{"type":"Feature","geometry":{"type":"Point","coordinates":[106.6755438,10.7916278]},"properties":{"category":"market","name":null,"osm_id":6315676105}},{"type":"Feature","geometry":{"type":"Point","coordinates":[106.6779316,10.7923361]},"properties":{"category":"market","name":null,"osm_id":6315679800}},{"type":"Feature","geometry":{"type":"Point","coordinates":[106.6642437,10.7749538]},"properties":{"category":"market","name":null,"osm_id":6315683489}},{"type":"Feature","geometry":{"type":"Point","coordinates":[106.6746883,10.7917984]},"properties":{"category":"market","name":null,"osm_id":6315683513}},{"type":"Feature","geometry":{"type":"Point","coordinates":[106.6778758,10.787936]},"properties":{"category":"market","name":null,"osm_id":6315684186}},{"type":"Feature","geometry":{"type":"Point","coordinates":[106.6782189,10.7893359]},"properties":{"category":"market","name":null,"osm_id":6315685086}},{"type":"Feature","geometry":{"type":"Point","coordinates":[106.6802251,10.7861978]},"properties":{"category":"market","name":null,"osm_id":6315685096}},{"type":"Feature","geometry":{"type":"Point","coordinates":[106.6897877,10.7656939]},"properties":{"category":"market","name":null,"osm_id":6315685294}},{"type":"Feature","geometry":{"type":"Point","coordinates":[106.7036914,10.7706222]},"properties":{"category":"market","name":null,"osm_id":6315685295}},{"type":"Feature","geometry":{"type":"Point","coordinates":[106.6781504,10.7886612]},"properties":{"category":"market","name":null,"osm_id":6315685985}},{"type":"Feature","geometry":{"type":"Point","coordinates":[106.6960949,10.7617773]},"properties":{"category":"market","name":"Familymart","osm_id":6315686293}},{"type":"Feature","geometry":{"type":"Point","coordinates":[106.6932442,10.7605084]},"properties":{"category":"market","name":null,"osm_id":6315686295}},{"type":"Feature","geometry":{"type":"Point","coordinates":[106.6801482,10.7864111]},"properties":{"category":"market","name":null,"osm_id":6315686487}},{"type":"Feature","geometry":{"type":"Point","coordinates":[106.6923622,10.7699632]},"properties":{"category":"market","name":"Circle K","osm_id":6315686506}},{"type":"Feature","geometry":{"type":"Point","coordinates":[106.6731486,10.7603861]},"properties":{"category":"market","name":null,"osm_id":6315686804}},{"type":"Feature","geometry":{"type":"Point","coordinates":[106.6929757,10.760632]},"properties":{"category":"market","name":null,"osm_id":6315686994}},{"type":"Feature","geometry":{"type":"Point","coordinates":[106.6947722,10.7675893]},"properties":{"category":"market","name":null,"osm_id":6315686999}},{"type":"Feature","geometry":{"type":"Point","coordinates":[106.6715532,10.7593289]},"properties":{"category":"market","name":"Siêu Thị CoopMart Hùng Vương","osm_id":6315687001}},{"type":"Feature","geometry":{"type":"Point","coordinates":[106.6674906,10.7982471]},"properties":{"category":"market","name":null,"osm_id":6315687018}},{"type":"Feature","geometry":{"type":"Point","coordinates":[106.6735498,10.7591603]},"properties":{"category":"market","name":null,"osm_id":6315687789}},{"type":"Feature","geometry":{"type":"Point","coordinates":[106.6671054,10.7925143]},"properties":{"category":"market","name":null,"osm_id":6315687799}},{"type":"Feature","geometry":{"type":"Point","coordinates":[106.6902381,10.7917974]},"properties":{"category":"market","name":null,"osm_id":6315687806}},{"type":"Feature","geometry":{"type":"Point","coordinates":[106.6942504,10.7830575]},"properties":{"category":"market","name":null,"osm_id":6315687817}},{"type":"Feature","geometry":{"type":"Point","coordinates":[106.6978509,10.8160349]},"properties":{"category":"market","name":"WinMart","osm_id":6315688299}},{"type":"Feature","geometry":{"type":"Point","coordinates":[106.6675247,10.7916367]},"properties":{"category":"market","name":null,"osm_id":6315688492}},{"type":"Feature","geometry":{"type":"Point","coordinates":[106.6950542,10.8094585]},"properties":{"category":"market","name":"WinMart","osm_id":6315688599}},{"type":"Feature","geometry":{"type":"Point","coordinates":[106.697065,10.8134216]},"properties":{"category":"market","name":null,"osm_id":6315690599}},{"type":"Feature","geometry":{"type":"Point","coordinates":[106.6967927,10.8130798]},"properties":{"category":"market","name":null,"osm_id":6315691886}},{"type":"Feature","geometry":{"type":"Point","coordinates":[106.6950674,10.7724614]},"properties":{"category":"market","name":null,"osm_id":6318125514}},{"type":"Feature","geometry":{"type":"Point","coordinates":[106.7001231,10.7676268]},"properties":{"category":"market","name":null,"osm_id":6318163392}},{"type":"Feature","geometry":{"type":"Point","coordinates":[106.6967021,10.7645863]},"properties":{"category":"market","name":null,"osm_id":6319103178}},{"type":"Feature","geometry":{"type":"Point","coordinates":[106.6992892,10.7687743]},"properties":{"category":"market","name":null,"osm_id":6319103228}},{"type":"Feature","geometry":{"type":"Point","coordinates":[106.6972327,10.7645562]},"properties":{"category":"market","name":null,"osm_id":6319111397}},{"type":"Feature","geometry":{"type":"Point","coordinates":[106.5837367,10.8892077]},"properties":{"category":"market","name":null,"osm_id":6319111475}},{"type":"Feature","geometry":{"type":"Point","coordinates":[106.4774263,10.9739785]},"properties":{"category":"market","name":null,"osm_id":6319120185}},{"type":"Feature","geometry":{"type":"Point","coordinates":[106.4157833,11.010502]},"properties":{"category":"market","name":null,"osm_id":6319120190}},{"type":"Feature","geometry":{"type":"Point","coordinates":[106.7012374,10.7608529]},"properties":{"category":"market","name":"Phụ kiện trang trí sinh nhật Ellie Party","osm_id":6340130547}},{"type":"Feature","geometry":{"type":"Point","coordinates":[106.6963242,10.7723341]},"properties":{"category":"market","name":null,"osm_id":6353660885}},{"type":"Feature","geometry":{"type":"Point","coordinates":[106.6621933,10.7953551]},"properties":{"category":"market","name":"Bách Hóa Xanh","osm_id":6370262588}},{"type":"Feature","geometry":{"type":"Point","coordinates":[106.7093305,10.7543965]},"properties":{"category":"market","name":null,"osm_id":6373422186}},{"type":"Feature","geometry":{"type":"Point","coordinates":[106.7037383,10.7530815]},"properties":{"category":"market","name":"Co.op Food","osm_id":6389068969}},{"type":"Feature","geometry":{"type":"Point","coordinates":[106.6929293,10.7715103]},"properties":{"category":"market","name":null,"osm_id":6442018087}},{"type":"Feature","geometry":{"type":"Point","coordinates":[106.7346479,10.7943977]},"properties":{"category":"market","name":"Chợ Đo Đạc","osm_id":6512360893}},{"type":"Feature","geometry":{"type":"Point","coordinates":[106.6358594,10.8296646]},"properties":{"category":"market","name":null,"osm_id":6699586167}},{"type":"Feature","geometry":{"type":"Point","coordinates":[106.6013926,10.751507]},"properties":{"category":"market","name":"Co.op Food","osm_id":6712690785}},{"type":"Feature","geometry":{"type":"Point","coordinates":[106.634713,10.7752756]},"properties":{"category":"market","name":"Circle K","osm_id":6723955889}},{"type":"Feature","geometry":{"type":"Point","coordinates":[106.6347907,10.7752486]},"properties":{"category":"market","name":"Co.op Food - Trịnh Đình Thảo","osm_id":6724540548}},{"type":"Feature","geometry":{"type":"Point","coordinates":[106.633742,10.7697462]},"properties":{"category":"market","name":"Circle K","osm_id":6725178924}},{"type":"Feature","geometry":{"type":"Point","coordinates":[106.6808899,10.760328]},"properties":{"category":"market","name":"Circle K","osm_id":6727039411}},{"type":"Feature","geometry":{"type":"Point","coordinates":[106.6158396,10.7321198]},"properties":{"category":"market","name":"WinMart","osm_id":6727930988}},{"type":"Feature","geometry":{"type":"Point","coordinates":[106.630915,10.7502277]},"properties":{"category":"market","name":"Co.op Food","osm_id":6732749444}},{"type":"Feature","geometry":{"type":"Point","coordinates":[106.6275944,10.7552318]},"properties":{"category":"market","name":"Satra Foods","osm_id":6735971883}},{"type":"Feature","geometry":{"type":"Point","coordinates":[106.7045993,10.7560618]},"properties":{"category":"market","name":"Co.op Food","osm_id":6769791510}},{"type":"Feature","geometry":{"type":"Point","coordinates":[106.7066203,10.7581725]},"properties":{"category":"market","name":"Co.op Food","osm_id":6770361990}},{"type":"Feature","geometry":{"type":"Point","coordinates":[106.6231231,10.7064325]},"properties":{"category":"market","name":"Satra Foods","osm_id":6770632001}},{"type":"Feature","geometry":{"type":"Point","coordinates":[106.6796708,10.7608827]},"properties":{"category":"market","name":"Circle K","osm_id":6775727584}},{"type":"Feature","geometry":{"type":"Point","coordinates":[106.7080325,10.7634465]},"properties":{"category":"market","name":"Satra Foods","osm_id":6783472668}},{"type":"Feature","geometry":{"type":"Point","coordinates":[106.7055139,10.753822]},"properties":{"category":"market","name":"Satra Foods","osm_id":6783852977}},{"type":"Feature","geometry":{"type":"Point","coordinates":[106.694199,10.7555361]},"properties":{"category":"market","name":"Co.op Food - Nguyễn Khoái","osm_id":6786068685}},{"type":"Feature","geometry":{"type":"Point","coordinates":[106.7215659,10.7946042]},"properties":{"category":"market","name":"WinMart","osm_id":6794354485}},{"type":"Feature","geometry":{"type":"Point","coordinates":[106.7039424,10.8208871]},"properties":{"category":"market","name":null,"osm_id":6800082283}},{"type":"Feature","geometry":{"type":"Point","coordinates":[106.7479914,10.8014325]},"properties":{"category":"market","name":"Siêu Thị Online Annam Gourmet","osm_id":6807433844}},{"type":"Feature","geometry":{"type":"Point","coordinates":[106.7124906,10.7938895]},"properties":{"category":"market","name":"Siêu Thị Vive Gourmet Food & Wine","osm_id":6965164241}},{"type":"Feature","geometry":{"type":"Point","coordinates":[106.7031555,10.810612]},"properties":{"category":"market","name":"Co.op Mart - Chu Văn An","osm_id":7016156265}},{"type":"Feature","geometry":{"type":"Point","coordinates":[106.7255522,10.7374337]},"properties":{"category":"market","name":"Big C","osm_id":7073950886}},{"type":"Feature","geometry":{"type":"Point","coordinates":[106.6866507,10.796771]},"properties":{"category":"market","name":"BambooBebe Việt Nam","osm_id":7078025375}},{"type":"Feature","geometry":{"type":"Point","coordinates":[106.6866392,10.7967542]},"properties":{"category":"market","name":"Công ty TNHH Gureumi","osm_id":7078048746}},{"type":"Feature","geometry":{"type":"Point","coordinates":[107.0227807,10.6844106]},"properties":{"category":"market","name":"Chợ Long Phú","osm_id":7094412736}},{"type":"Feature","geometry":{"type":"Point","coordinates":[106.6676863,10.8346792]},"properties":{"category":"market","name":"WinMart","osm_id":7211180988}},{"type":"Feature","geometry":{"type":"Point","coordinates":[106.6203496,10.7796852]},"properties":{"category":"market","name":"Bách Hóa Xanh","osm_id":7224252399}},{"type":"Feature","geometry":{"type":"Point","coordinates":[106.6180943,10.7680411]},"properties":{"category":"market","name":"Bách Hóa Xanh","osm_id":7229244285}},{"type":"Feature","geometry":{"type":"Point","coordinates":[106.6218613,10.7719197]},"properties":{"category":"market","name":"Bách Hóa Xanh","osm_id":7229273985}},{"type":"Feature","geometry":{"type":"Point","coordinates":[106.6140784,10.7725953]},"properties":{"category":"market","name":"Bách Hóa Xanh","osm_id":7229398585}},{"type":"Feature","geometry":{"type":"Point","coordinates":[106.6151222,10.7755893]},"properties":{"category":"market","name":"Bách Hóa Xanh","osm_id":7229407436}},{"type":"Feature","geometry":{"type":"Point","coordinates":[106.6134299,10.7676726]},"properties":{"category":"market","name":"Bách Hóa Xanh","osm_id":7229679985}},{"type":"Feature","geometry":{"type":"Point","coordinates":[106.6172651,10.7749137]},"properties":{"category":"market","name":"Bách Hóa Xanh","osm_id":7229699885}},{"type":"Feature","geometry":{"type":"Point","coordinates":[106.6151599,10.7876284]},"properties":{"category":"market","name":"Bách Hóa Xanh","osm_id":7229709585}},{"type":"Feature","geometry":{"type":"Point","coordinates":[106.6129109,10.7857612]},"properties":{"category":"market","name":"Bách Hóa Xanh","osm_id":7230049385}},{"type":"Feature","geometry":{"type":"Point","coordinates":[106.6157756,10.7843036]},"properties":{"category":"market","name":"Bách Hóa XXanh 175C Đường Số 8","osm_id":7243916386}},{"type":"Feature","geometry":{"type":"Point","coordinates":[106.6785971,10.7808095]},"properties":{"category":"market","name":"WinMart","osm_id":7436469385}},{"type":"Feature","geometry":{"type":"Point","coordinates":[106.7083025,10.7559254]},"properties":{"category":"market","name":"Chợ 200","osm_id":7499892808}},{"type":"Feature","geometry":{"type":"Point","coordinates":[106.9109483,10.3848268]},"properties":{"category":"market","name":"Chợ Long Thạnh","osm_id":7820394459}},{"type":"Feature","geometry":{"type":"Point","coordinates":[106.6993939,10.799293]},"properties":{"category":"market","name":"Foodmart","osm_id":7829883985}},{"type":"Feature","geometry":{"type":"Point","coordinates":[106.6830717,10.7459593]},"properties":{"category":"market","name":"Bách Hóa Xanh","osm_id":8100983490}},{"type":"Feature","geometry":{"type":"Point","coordinates":[106.7724843,10.8127404]},"properties":{"category":"market","name":"Cửa Hàng Thú Cưng Haru","osm_id":8114415510}},{"type":"Feature","geometry":{"type":"Point","coordinates":[106.7347763,10.9418564]},"properties":{"category":"market","name":"AUTOMATIC LAUNDRY D11","osm_id":8184298787}},{"type":"Feature","geometry":{"type":"Point","coordinates":[106.7348322,10.9418375]},"properties":{"category":"market","name":"GIẶT SẤY D11","osm_id":8184344369}},{"type":"Feature","geometry":{"type":"Point","coordinates":[106.7290835,10.9419004]},"properties":{"category":"market","name":"Archiland","osm_id":8206606020}},{"type":"Feature","geometry":{"type":"Point","coordinates":[106.7228756,10.7921246]},"properties":{"category":"market","name":"Siêu Thị Sky Fresh","osm_id":8269175107}},{"type":"Feature","geometry":{"type":"Point","coordinates":[106.6145888,10.8881488]},"properties":{"category":"market","name":"Bách Hóa Hạnh Dương","osm_id":8826976565}},{"type":"Feature","geometry":{"type":"Point","coordinates":[106.6645542,10.7684286]},"properties":{"category":"market","name":"Của Hàng Tạp Hóa TA","osm_id":8929032542}},{"type":"Feature","geometry":{"type":"Point","coordinates":[106.6271801,10.7957444]},"properties":{"category":"market","name":"Cửa Hàng Cung Cấp Đồ Hóa Trang Hoa Chí Tín","osm_id":9025190544}},{"type":"Feature","geometry":{"type":"Point","coordinates":[106.6837138,10.3618859]},"properties":{"category":"market","name":"Cửa hàng phụ tùng, đồ chơi xe máy - Haopo Racing","osm_id":9073464992}},{"type":"Feature","geometry":{"type":"Point","coordinates":[106.6216245,10.8304431]},"properties":{"category":"market","name":"Kho Hàng Hùng Hậu","osm_id":9325963947}},{"type":"Feature","geometry":{"type":"Point","coordinates":[106.6215521,10.8303666]},"properties":{"category":"market","name":"Tạp Hóa Chú 8","osm_id":9326078202}},{"type":"Feature","geometry":{"type":"Point","coordinates":[106.6331973,10.7750213]},"properties":{"category":"market","name":"Siêu Thị Auchan Lũy Bán Bích","osm_id":9584838632}},{"type":"Feature","geometry":{"type":"Point","coordinates":[106.6308605,10.8182143]},"properties":{"category":"market","name":"Co.op Mart Thắng Lợi","osm_id":9584841103}},{"type":"Feature","geometry":{"type":"Point","coordinates":[106.6774059,10.7656721]},"properties":{"category":"market","name":"Chợ Hoa Hồ Thị Kỷ","osm_id":9584841106}},{"type":"Feature","geometry":{"type":"Point","coordinates":[106.6807503,10.7716235]},"properties":{"category":"market","name":"Siêu Thị Aeon Citimart Cao Thắng","osm_id":9584911957}},{"type":"Feature","geometry":{"type":"Point","coordinates":[106.6397916,10.7896958]},"properties":{"category":"market","name":"Siêu thị GO! Âu Cơ","osm_id":9585048349}},{"type":"Feature","geometry":{"type":"Point","coordinates":[106.6746916,10.7748338]},"properties":{"category":"market","name":"Siêu Thị Co.opmart","osm_id":9585117677}},{"type":"Feature","geometry":{"type":"Point","coordinates":[106.7331065,10.8014176]},"properties":{"category":"market","name":"Tops Market - Thảo Điền","osm_id":9585983486}},{"type":"Feature","geometry":{"type":"Point","coordinates":[106.6015456,10.7651068]},"properties":{"category":"market","name":"Siêu thị Co.opmart Bình Tân 2","osm_id":9587171489}},{"type":"Feature","geometry":{"type":"Point","coordinates":[106.6173551,10.7405361]},"properties":{"category":"market","name":"Siêu Thị 7Map","osm_id":9587252978}},{"type":"Feature","geometry":{"type":"Point","coordinates":[106.7520062,10.805322]},"properties":{"category":"market","name":"Trung Tâm Thương Mại","osm_id":9587252979}},{"type":"Feature","geometry":{"type":"Point","coordinates":[106.7288103,10.7324976]},"properties":{"category":"market","name":"Siêu thị Finelife Riviera Point","osm_id":9587253814}},{"type":"Feature","geometry":{"type":"Point","coordinates":[106.7137412,10.8305867]},"properties":{"category":"market","name":"Mazda Bình Triệu","osm_id":9587309943}},{"type":"Feature","geometry":{"type":"Point","coordinates":[106.6866177,10.7999139]},"properties":{"category":"market","name":"Bách Hóa Xanh - 2C - 2D Phùng Văn Cung","osm_id":9587329655}},{"type":"Feature","geometry":{"type":"Point","coordinates":[106.7687005,10.8292978]},"properties":{"category":"market","name":"Chợ Phước Long B","osm_id":9587375643}},{"type":"Feature","geometry":{"type":"Point","coordinates":[106.6979948,10.7665534]},"properties":{"category":"market","name":"Chợ Dân Sinh","osm_id":9587486344}},{"type":"Feature","geometry":{"type":"Point","coordinates":[106.6947299,10.7627952]},"properties":{"category":"market","name":"Chợ Cô Giang","osm_id":9587486348}},{"type":"Feature","geometry":{"type":"Point","coordinates":[106.7167158,10.7482605]},"properties":{"category":"market","name":"Chợ Cư xá Ngân hàng","osm_id":9587493562}},{"type":"Feature","geometry":{"type":"Point","coordinates":[106.7660961,10.8774415]},"properties":{"category":"market","name":"Chợ Linh Xuân","osm_id":9587493568}},{"type":"Feature","geometry":{"type":"Point","coordinates":[106.6552043,10.7443048]},"properties":{"category":"market","name":"Siêu thị Co.opmart Tuy Lý Vương","osm_id":9587566621}},{"type":"Feature","geometry":{"type":"Point","coordinates":[106.6196328,10.8353586]},"properties":{"category":"market","name":"Chợ Lạc Quang","osm_id":9587618722}},{"type":"Feature","geometry":{"type":"Point","coordinates":[106.615238,10.8701553]},"properties":{"category":"market","name":"Chợ Ngã Ba Bầu","osm_id":9587618738}},{"type":"Feature","geometry":{"type":"Point","coordinates":[106.789698,10.7905502]},"properties":{"category":"market","name":"Chợ Phú Hữu","osm_id":9587618741}},{"type":"Feature","geometry":{"type":"Point","coordinates":[106.73419,10.8642107]},"properties":{"category":"market","name":"Coopmart Tam Bình","osm_id":9587618744}},{"type":"Feature","geometry":{"type":"Point","coordinates":[106.6014401,10.8600343]},"properties":{"category":"market","name":"Chợ Đầu mối Nông Sản Thực Phẩm Hóc Môn","osm_id":9587618747}},{"type":"Feature","geometry":{"type":"Point","coordinates":[106.6643054,10.8500841]},"properties":{"category":"market","name":"Chợ Xóm Mới","osm_id":9593240659}},{"type":"Feature","geometry":{"type":"Point","coordinates":[106.6197414,10.8286526]},"properties":{"category":"market","name":"Co.opmart","osm_id":9593240662}},{"type":"Feature","geometry":{"type":"Point","coordinates":[106.6670087,10.9843561]},"properties":{"category":"market","name":"CoopMart - Ngã Tư Chợ Đình","osm_id":9593240669}},{"type":"Feature","geometry":{"type":"Point","coordinates":[106.7447949,10.9359603]},"properties":{"category":"market","name":"Chợ Thông Dụng","osm_id":9593278310}},{"type":"Feature","geometry":{"type":"Point","coordinates":[106.7290922,10.9193995]},"properties":{"category":"market","name":"Chợ Bình Đáng","osm_id":9593278311}},{"type":"Feature","geometry":{"type":"Point","coordinates":[106.7154313,10.9745582]},"properties":{"category":"market","name":"Chợ Hài Mỹ","osm_id":9593278312}},{"type":"Feature","geometry":{"type":"Point","coordinates":[106.7269697,10.8896113]},"properties":{"category":"market","name":"Chợ Đêm Linh Trung","osm_id":9593340023}},{"type":"Feature","geometry":{"type":"Point","coordinates":[106.7199894,11.0046937]},"properties":{"category":"market","name":"Chợ Tân Phước Khánh","osm_id":9593340028}},{"type":"Feature","geometry":{"type":"Point","coordinates":[106.7421133,10.9716237]},"properties":{"category":"market","name":"Chợ Phú Phong","osm_id":9593340030}},{"type":"Feature","geometry":{"type":"Point","coordinates":[106.6872464,10.9630515]},"properties":{"category":"market","name":"Mega Market Bình Dương","osm_id":9593340032}},{"type":"Feature","geometry":{"type":"Point","coordinates":[106.7352247,10.7515494]},"properties":{"category":"market","name":"Southern AEON Citimart Tân Thuận","osm_id":9593358301}},{"type":"Feature","geometry":{"type":"Point","coordinates":[106.5515239,10.7709448]},"properties":{"category":"market","name":"Chợ Bà Lát","osm_id":9593358308}},{"type":"Feature","geometry":{"type":"Point","coordinates":[106.6066732,10.8891434]},"properties":{"category":"market","name":"CoopMart Hóc Môn","osm_id":9593386627}},{"type":"Feature","geometry":{"type":"Point","coordinates":[106.7359282,10.6738545]},"properties":{"category":"market","name":"CoopMart Nguyễn Bình","osm_id":9593386629}},{"type":"Feature","geometry":{"type":"Point","coordinates":[106.6082338,10.6579687]},"properties":{"category":"market","name":"Chợ Hưng Long","osm_id":9593386645}},{"type":"Feature","geometry":{"type":"Point","coordinates":[106.7187971,10.9396653]},"properties":{"category":"market","name":"Chợ 78","osm_id":9593572486}},{"type":"Feature","geometry":{"type":"Point","coordinates":[106.7536811,10.9771814]},"properties":{"category":"market","name":"Chợ Chí Hùng","osm_id":9593572493}},{"type":"Feature","geometry":{"type":"Point","coordinates":[106.7579605,10.8847076]},"properties":{"category":"market","name":"Chợ Dĩ An 2","osm_id":9593572496}},{"type":"Feature","geometry":{"type":"Point","coordinates":[106.7343481,10.9179867]},"properties":{"category":"market","name":"Chợ 434","osm_id":9593572497}},{"type":"Feature","geometry":{"type":"Point","coordinates":[106.6399416,10.877816]},"properties":{"category":"market","name":"CoopMart Hiệp Thành","osm_id":9593797953}},{"type":"Feature","geometry":{"type":"Point","coordinates":[106.504235,10.9589138]},"properties":{"category":"market","name":"Siêu Thị CoopMart Củ Chi","osm_id":9593946651}},{"type":"Feature","geometry":{"type":"Point","coordinates":[106.5986145,10.8941645]},"properties":{"category":"market","name":"Co.opmart Đỗ Văn Dậy","osm_id":9593946652}},{"type":"Feature","geometry":{"type":"Point","coordinates":[106.5641671,10.7052372]},"properties":{"category":"market","name":"Chợ Tân Nhựt","osm_id":9593946657}},{"type":"Feature","geometry":{"type":"Point","coordinates":[106.5803932,10.7908531]},"properties":{"category":"market","name":"Chợ Liên Ấp 123","osm_id":9593946662}},{"type":"Feature","geometry":{"type":"Point","coordinates":[106.6365673,10.9041924]},"properties":{"category":"market","name":"Chợ Đông Thạnh","osm_id":9593974912}},{"type":"Feature","geometry":{"type":"Point","coordinates":[106.6216044,10.7764837]},"properties":{"category":"market","name":"Cửa hàng nội thất Auli Star","osm_id":9605255261}},{"type":"Feature","geometry":{"type":"Point","coordinates":[106.7186066,10.7891717]},"properties":{"category":"market","name":"Annam Gourmet","osm_id":9645043685}},{"type":"Feature","geometry":{"type":"Point","coordinates":[106.6953748,10.8111914]},"properties":{"category":"market","name":"Chợ Cây Điệp","osm_id":9729070768}},{"type":"Feature","geometry":{"type":"Point","coordinates":[106.6722416,10.9810767]},"properties":{"category":"market","name":"USAMua - MUA HÀNG MỸ - CN BÌNH DƯƠNG","osm_id":9776229833}},{"type":"Feature","geometry":{"type":"Point","coordinates":[106.9242045,10.7490239]},"properties":{"category":"market","name":"Cửa hàng Điện Nước Hoàng Long Vũ Nhơn Trạch","osm_id":9848212249}},{"type":"Feature","geometry":{"type":"Point","coordinates":[106.6845432,10.7680881]},"properties":{"category":"market","name":"Grove Fresh","osm_id":9921298480}},{"type":"Feature","geometry":{"type":"Point","coordinates":[106.7419817,10.9083839]},"properties":{"category":"market","name":"Korea Mart","osm_id":10079576290}},{"type":"Feature","geometry":{"type":"Point","coordinates":[106.7516363,10.8508817]},"properties":{"category":"market","name":"thu mua kệ siêu thị cũ muskvn","osm_id":10164648581}},{"type":"Feature","geometry":{"type":"Point","coordinates":[106.7508955,10.8515755]},"properties":{"category":"market","name":null,"osm_id":10164648895}},{"type":"Feature","geometry":{"type":"Point","coordinates":[106.7515015,10.8509633]},"properties":{"category":"market","name":"thumuagiuonggocumuskvn","osm_id":10164777466}},{"type":"Feature","geometry":{"type":"Point","coordinates":[106.7514141,10.8510494]},"properties":{"category":"market","name":"thumuagiuongtangmuskvn","osm_id":10164939977}},{"type":"Feature","geometry":{"type":"Point","coordinates":[106.6299894,10.771174]},"properties":{"category":"market","name":"USAMua - Mua Hàng Mỹ","osm_id":10229741470}},{"type":"Feature","geometry":{"type":"Point","coordinates":[106.6309412,10.7850433]},"properties":{"category":"market","name":"Phụ Kiện Bida Minh Điền","osm_id":10246071319}},{"type":"Feature","geometry":{"type":"Point","coordinates":[106.7626007,10.8444032]},"properties":{"category":"market","name":"Tops","osm_id":10294185712}},{"type":"Feature","geometry":{"type":"Point","coordinates":[106.6938742,10.7998008]},"properties":{"category":"market","name":"Chợ Vạn Kiếp","osm_id":10539950899}},{"type":"Feature","geometry":{"type":"Point","coordinates":[106.634719,10.7778588]},"properties":{"category":"market","name":"USAMua - Mua Hàng Mỹ","osm_id":10725532941}},{"type":"Feature","geometry":{"type":"Point","coordinates":[106.7111094,10.7900679]},"properties":{"category":"market","name":"Cửa hàng Bách hóa Basao Grocery","osm_id":10777134131}},{"type":"Feature","geometry":{"type":"Point","coordinates":[106.6953508,10.7957801]},"properties":{"category":"market","name":"Gạo Hồng Nhung","osm_id":10801342656}},{"type":"Feature","geometry":{"type":"Point","coordinates":[106.7055429,10.7773144]},"properties":{"category":"market","name":null,"osm_id":10807959905}},{"type":"Feature","geometry":{"type":"Point","coordinates":[106.6793367,10.7706211]},"properties":{"category":"market","name":null,"osm_id":10879939105}},{"type":"Feature","geometry":{"type":"Point","coordinates":[106.6722756,10.7931686]},"properties":{"category":"market","name":"Bách Hóa Xanh","osm_id":11001842969}},{"type":"Feature","geometry":{"type":"Point","coordinates":[106.5618713,10.4452838]},"properties":{"category":"market","name":"Chợ Thuận Mỹ","osm_id":11093760292}},{"type":"Feature","geometry":{"type":"Point","coordinates":[106.5732226,10.5630164]},"properties":{"category":"market","name":"Chợ Tân Trạch","osm_id":11097050854}},{"type":"Feature","geometry":{"type":"Point","coordinates":[106.5636098,10.8329211]},"properties":{"category":"market","name":"Cổng Nhôm Đúc Hoàng Gia | Lan Can - Cầu Thang - Hàng Rào Nhôm Đúc","osm_id":11106925568}},{"type":"Feature","geometry":{"type":"Point","coordinates":[106.6986624,10.7684748]},"properties":{"category":"market","name":"116 Culture Luxury","osm_id":11124634717}},{"type":"Feature","geometry":{"type":"Point","coordinates":[106.8387009,10.8451011]},"properties":{"category":"market","name":"King Food Mart - S10.02 Vinhomes Grand Park","osm_id":11152431366}},{"type":"Feature","geometry":{"type":"Point","coordinates":[106.7470369,10.8044555]},"properties":{"category":"market","name":null,"osm_id":11164345794}},{"type":"Feature","geometry":{"type":"Point","coordinates":[106.8387249,10.8451775]},"properties":{"category":"market","name":"HiepDoanShop","osm_id":11328890468}},{"type":"Feature","geometry":{"type":"Point","coordinates":[106.6644966,10.8651908]},"properties":{"category":"market","name":"FamilyMart","osm_id":11374778363}},{"type":"Feature","geometry":{"type":"Point","coordinates":[106.6947703,10.7656009]},"properties":{"category":"market","name":"Siêu thị Bách hóa XANH","osm_id":11433411769}},{"type":"Feature","geometry":{"type":"Point","coordinates":[106.6414933,10.7808343]},"properties":{"category":"market","name":"Chợ Huỳnh Văn Chính","osm_id":11465699290}},{"type":"Feature","geometry":{"type":"Point","coordinates":[106.689306,10.8260415]},"properties":{"category":"market","name":"Lẩu cá kèo","osm_id":11527625171}},{"type":"Feature","geometry":{"type":"Point","coordinates":[106.7020738,10.7782504]},"properties":{"category":"market","name":"WinMart","osm_id":11533727958}},{"type":"Feature","geometry":{"type":"Point","coordinates":[106.7191754,10.782216]},"properties":{"category":"market","name":"Vive Gourmet Food & Wine - The River","osm_id":11612841316}},{"type":"Feature","geometry":{"type":"Point","coordinates":[106.6644834,10.8654316]},"properties":{"category":"market","name":"WinMart","osm_id":11944303584}},{"type":"Feature","geometry":{"type":"Point","coordinates":[106.8429173,10.9594456]},"properties":{"category":"market","name":"Linh Kiện Đại Nam 3","osm_id":11958040255}},{"type":"Feature","geometry":{"type":"Point","coordinates":[106.7103906,10.8460221]},"properties":{"category":"market","name":"Phim cách nhiệt nhà kính NanoX","osm_id":12249396552}},{"type":"Feature","geometry":{"type":"Point","coordinates":[106.7073948,10.7910098]},"properties":{"category":"market","name":"Seafood mini-market","osm_id":12259274107}},{"type":"Feature","geometry":{"type":"Point","coordinates":[106.7551554,10.7769683]},"properties":{"category":"market","name":"Annam Gourmet","osm_id":12298428762}},{"type":"Feature","geometry":{"type":"Point","coordinates":[106.7350838,10.7804412]},"properties":{"category":"market","name":"Nam An Market","osm_id":12299044714}},{"type":"Feature","geometry":{"type":"Point","coordinates":[106.7471246,10.7781697]},"properties":{"category":"market","name":"WinMart","osm_id":12351174664}},{"type":"Feature","geometry":{"type":"Point","coordinates":[106.6984934,10.7680533]},"properties":{"category":"market","name":"Mini stop","osm_id":12546141701}},{"type":"Feature","geometry":{"type":"Point","coordinates":[106.6182984,10.79726]},"properties":{"category":"market","name":"Chả cua Huế","osm_id":12558432021}},{"type":"Feature","geometry":{"type":"Point","coordinates":[106.6184076,10.7972833]},"properties":{"category":"market","name":"Shop Vinafood","osm_id":12558433787}},{"type":"Feature","geometry":{"type":"Point","coordinates":[106.6307838,10.7611331]},"properties":{"category":"market","name":"Bách Hóa XANH","osm_id":12563213356}},{"type":"Feature","geometry":{"type":"Point","coordinates":[106.5995005,10.7631261]},"properties":{"category":"market","name":"Túi Giấy Giá Rẻ","osm_id":12564990769}},{"type":"Feature","geometry":{"type":"Point","coordinates":[106.6868754,10.8089294]},"properties":{"category":"market","name":"Chợ Cây Quéo","osm_id":12606376174}},{"type":"Feature","geometry":{"type":"Point","coordinates":[106.7067969,10.7934]},"properties":{"category":"market","name":"Bach hoa XANX","osm_id":12622902601}},{"type":"Feature","geometry":{"type":"Point","coordinates":[106.3883389,11.024998]},"properties":{"category":"market","name":null,"osm_id":12625117004}},{"type":"Feature","geometry":{"type":"Point","coordinates":[106.6782814,10.7403675]},"properties":{"category":"market","name":"AEON Tạ Quang Bửu","osm_id":12633673701}},{"type":"Feature","geometry":{"type":"Point","coordinates":[106.6977165,10.8053618]},"properties":{"category":"market","name":"Điện thoại VT Mobile","osm_id":12701585646}},{"type":"Feature","geometry":{"type":"Point","coordinates":[106.6179405,10.8591365]},"properties":{"category":"market","name":"Bách hóa XANH.COM","osm_id":12707715425}},{"type":"Feature","geometry":{"type":"Point","coordinates":[106.6186629,10.7514255]},"properties":{"category":"market","name":"Kingfoodmart","osm_id":12799703815}},{"type":"Feature","geometry":{"type":"Point","coordinates":[106.7375898,10.8032814]},"properties":{"category":"market","name":"Nam An Market","osm_id":12878285661}},{"type":"Feature","geometry":{"type":"Point","coordinates":[106.6933969,10.8232062]},"properties":{"category":"market","name":"emart","osm_id":13247241101}},{"type":"Feature","geometry":{"type":"Point","coordinates":[106.6840511,10.868873]},"properties":{"category":"market","name":"Chợ Cầu Đồng","osm_id":13336327010}},{"type":"Feature","geometry":{"type":"Point","coordinates":[106.6568386,10.7867208]},"properties":{"category":"market","name":"WinMart","osm_id":13396892803}},{"type":"Feature","geometry":{"type":"Point","coordinates":[106.6222335,10.8312877]},"properties":{"category":"market","name":"FamilyMart","osm_id":13399429923}},{"type":"Feature","geometry":{"type":"Point","coordinates":[106.6282619,10.8276548]},"properties":{"category":"market","name":"WinMart","osm_id":13441781338}},{"type":"Feature","geometry":{"type":"Point","coordinates":[106.7027582,10.7724861]},"properties":{"category":"market","name":"Awesome cheap market","osm_id":13531546501}},{"type":"Feature","geometry":{"type":"Point","coordinates":[106.6897945,10.8330137]},"properties":{"category":"market","name":"Winmart","osm_id":13532900501}},{"type":"Feature","geometry":{"type":"Point","coordinates":[106.6636118,10.7694496]},"properties":{"category":"market","name":"VinMart+","osm_id":13532911201}},{"type":"Feature","geometry":{"type":"Point","coordinates":[106.664498,10.7684799]},"properties":{"category":"market","name":"Co.opmart Mini","osm_id":13532923601}},{"type":"Feature","geometry":{"type":"Point","coordinates":[106.6637171,10.767958]},"properties":{"category":"market","name":"Khu chợ nhỏ","osm_id":13532931601}},{"type":"Feature","geometry":{"type":"Point","coordinates":[106.6683517,10.7707859]},"properties":{"category":"market","name":"Chọ mini","osm_id":13534021434}},{"type":"Feature","geometry":{"type":"Point","coordinates":[106.7118202,10.7281913]},"properties":{"category":"market","name":"Siêu thị Finelife Urban Hill","osm_id":13621926601}},{"type":"Feature","geometry":{"type":"Point","coordinates":[106.5079176,10.6663843]},"properties":{"category":"market","name":"Eco Bazaar","osm_id":13622249028}},{"type":"Feature","geometry":{"type":"Point","coordinates":[106.6809878,10.7764236]},"properties":{"category":"market","name":"WinMart","osm_id":13661538446}},{"type":"Feature","geometry":{"type":"Point","coordinates":[106.6759674,10.7663423]},"properties":{"category":"market","name":"Ho Thi Ky Food Street","osm_id":13674785101}},{"type":"Feature","geometry":{"type":"Point","coordinates":[106.6929657,10.7924612]},"properties":{"category":"market","name":"Trung Tâm Văn Hóa Đa Năng iMC","osm_id":13710033289}},{"type":"Feature","geometry":{"type":"Point","coordinates":[106.7001899,10.7728037]},"properties":{"category":"market","name":"Saigon Square","osm_id":13736467601}},{"type":"Feature","geometry":{"type":"Point","coordinates":[106.7201093,10.7897149]},"properties":{"category":"market","name":"Daddy's House","osm_id":13921936418}},{"type":"Feature","geometry":{"type":"Point","coordinates":[106.7201087,10.7897228]},"properties":{"category":"market","name":"Daddy's House","osm_id":13921936996}},{"type":"Feature","geometry":{"type":"Point","coordinates":[106.735532,10.743348]},"properties":{"category":"market","name":"BHX 163 Trần Trọng Cung","osm_id":13955245160}},{"type":"Feature","geometry":{"type":"Point","coordinates":[106.6683702,10.397885]},"properties":{"category":"market","name":"An An Store - Chuyên đồ bộ nữ","osm_id":14061943421}},{"type":"Feature","geometry":{"type":"Point","coordinates":[106.6186072,10.7496723]},"properties":{"category":"market","name":"Đào Nguyên","osm_id":14106746657}},{"type":"Feature","geometry":{"type":"Point","coordinates":[106.744718,10.831063]},"properties":{"category":"park","name":"Công Viên Bình Qưới","osm_id":3208609061}},{"type":"Feature","geometry":{"type":"Point","coordinates":[106.7748306,10.789125]},"properties":{"category":"park","name":null,"osm_id":3377469430}},{"type":"Feature","geometry":{"type":"Point","coordinates":[106.7250457,10.7712694]},"properties":{"category":"park","name":"Công Viên Sala","osm_id":4384760684}},{"type":"Feature","geometry":{"type":"Point","coordinates":[106.6597925,10.766783]},"properties":{"category":"park","name":"Công viên Hoa hồng","osm_id":5179064421}},{"type":"Feature","geometry":{"type":"Point","coordinates":[106.6705626,10.7361566]},"properties":{"category":"park","name":"Công Viên Dương 4","osm_id":5894538758}},{"type":"Feature","geometry":{"type":"Point","coordinates":[106.6707242,10.7357853]},"properties":{"category":"park","name":null,"osm_id":5894538759}},{"type":"Feature","geometry":{"type":"Point","coordinates":[106.6706089,10.7357381]},"properties":{"category":"park","name":null,"osm_id":5894538760}},{"type":"Feature","geometry":{"type":"Point","coordinates":[106.5160347,10.7781115]},"properties":{"category":"park","name":"Công Viên Văn Hóa Láng Le Bàu Cò","osm_id":6539155592}},{"type":"Feature","geometry":{"type":"Point","coordinates":[106.7686184,10.9230601]},"properties":{"category":"park","name":"Công ty Sửa chữa & Mua bán Xe nâng Hoàng Gia tại Bình Dương","osm_id":6657302657}},{"type":"Feature","geometry":{"type":"Point","coordinates":[106.6671476,10.831097]},"properties":{"category":"park","name":null,"osm_id":6687114046}},{"type":"Feature","geometry":{"type":"Point","coordinates":[106.3978273,10.8965914]},"properties":{"category":"park","name":"Trung Tâm Văn Hóa","osm_id":6794512017}},{"type":"Feature","geometry":{"type":"Point","coordinates":[106.7114756,10.7303769]},"properties":{"category":"park","name":null,"osm_id":7913826916}},{"type":"Feature","geometry":{"type":"Point","coordinates":[106.6567666,10.8652789]},"properties":{"category":"park","name":"Công viên Chung cư Phú An","osm_id":9587300720}},{"type":"Feature","geometry":{"type":"Point","coordinates":[106.6283152,10.8537839]},"properties":{"category":"park","name":"Công viên Phần mềm Quang Trung","osm_id":9587493574}},{"type":"Feature","geometry":{"type":"Point","coordinates":[106.7285126,10.865904]},"properties":{"category":"park","name":"Công Viên Chung cư Sunview Town","osm_id":9587566623}},{"type":"Feature","geometry":{"type":"Point","coordinates":[106.6565352,10.8420884]},"properties":{"category":"park","name":"Công viên Làng Hoa Gò Vấp","osm_id":9587618724}},{"type":"Feature","geometry":{"type":"Point","coordinates":[106.6610774,10.7670592]},"properties":{"category":"park","name":"Công viên nội bộ chung cư Hòa Bình","osm_id":9751109563}},{"type":"Feature","geometry":{"type":"Point","coordinates":[106.6830286,10.5370779]},"properties":{"category":"park","name":"Sân bóng đá Hồng Nguyên Phát","osm_id":9979036684}},{"type":"Feature","geometry":{"type":"Point","coordinates":[106.7493053,10.9571087]},"properties":{"category":"park","name":"Khu di tích Hố Lang","osm_id":10686251942}},{"type":"Feature","geometry":{"type":"Point","coordinates":[106.4174221,10.5594009]},"properties":{"category":"park","name":"Tượng đài Chiến thắng Long An","osm_id":10771244668}},{"type":"Feature","geometry":{"type":"Point","coordinates":[106.6476137,10.7269751]},"properties":{"category":"park","name":"Công viên Phúc An Khang","osm_id":11052113104}},{"type":"Feature","geometry":{"type":"Point","coordinates":[106.6835781,10.7489187]},"properties":{"category":"park","name":"Công viên Dạ Nam","osm_id":11056012164}},{"type":"Feature","geometry":{"type":"Point","coordinates":[106.4149521,10.5587275]},"properties":{"category":"park","name":null,"osm_id":11188941169}},{"type":"Feature","geometry":{"type":"Point","coordinates":[106.6656948,10.864995]},"properties":{"category":"park","name":"Công viên Gò Sao , Thạnh Xuân, Quận 12","osm_id":11217538773}},{"type":"Feature","geometry":{"type":"Point","coordinates":[106.8322977,10.8381351]},"properties":{"category":"park","name":"Công viên nội khu S2","osm_id":11341398688}},{"type":"Feature","geometry":{"type":"Point","coordinates":[106.8308003,10.8375246]},"properties":{"category":"park","name":"Công viên nội khu S1","osm_id":11341424942}},{"type":"Feature","geometry":{"type":"Point","coordinates":[106.8456869,10.8397256]},"properties":{"category":"park","name":"Công viên Ánh sáng","osm_id":11347697643}},{"type":"Feature","geometry":{"type":"Point","coordinates":[106.7714492,10.7912739]},"properties":{"category":"park","name":"Parc Spring","osm_id":12196463120}},{"type":"Feature","geometry":{"type":"Point","coordinates":[106.8217369,10.8752974]},"properties":{"category":"park","name":"STELLAR 9 LAKE","osm_id":12450862520}},{"type":"Feature","geometry":{"type":"Point","coordinates":[106.8415826,10.8398452]},"properties":{"category":"park","name":"Hồ Sen Súng","osm_id":12647208019}},{"type":"Feature","geometry":{"type":"Point","coordinates":[106.7017186,10.7758758]},"properties":{"category":"park","name":"Công viên Đống Đa","osm_id":12893877361}},{"type":"Feature","geometry":{"type":"Point","coordinates":[106.813802,10.9602922]},"properties":{"category":"park","name":"Cụm công trình Văn hóa","osm_id":12908570948}},{"type":"Feature","geometry":{"type":"Point","coordinates":[106.7133158,10.7822851]},"properties":{"category":"park","name":"The Commons Thu Thiem","osm_id":14014006893}}]}