{"type":"FeatureCollection","features":[{"type":"Feature","geometry":{"type":"Point","coordinates":[106.74205393695469,10.793832887250488]},"properties":{"property_type":"land","smoothed_log_price_per_m2":18.6742,"confidence":1.0}},{"type":"Feature","geometry":{"type":"Point","coordinates":[106.72026119309753,10.843062950482404]},"properties":{"property_type":"land","smoothed_log_price_per_m2":18.3366,"confidence":0.2}},{"type":"Feature","geometry":{"type":"Point","coordinates":[106.7133092811432,10.820403461150281]},"properties":{"property_type":"land","smoothed_log_price_per_m2":18.5954,"confidence":0.6}},{"type":"Feature","geometry":{"type":"Point","coordinates":[106.62370303732385,10.869252712260254]},"properties":{"property_type":"land","smoothed_log_price_per_m2":17.6817,"confidence":0.267}},{"type":"Feature","geometry":{"type":"Point","coordinates":[106.70469920884118,10.782309068109571]},"properties":{"property_type":"land","smoothed_log_price_per_m2":18.5387,"confidence":0.267}},{"type":"Feature","geometry":{"type":"Point","coordinates":[106.69545756703292,10.822358711650251]},"properties":{"property_type":"land","smoothed_log_price_per_m2":18.5624,"confidence":0.4}},{"type":"Feature","geometry":{"type":"Point","coordinates":[106.58366784159443,10.748666832084893]},"properties":{"property_type":"land","smoothed_log_price_per_m2":17.9719,"confidence":0.2}},{"type":"Feature","geometry":{"type":"Point","coordinates":[106.73707390685635,10.747537144087907]},"properties":{"property_type":"land","smoothed_log_price_per_m2":18.4166,"confidence":0.533}},{"type":"Feature","geometry":{"type":"Point","coordinates":[106.69514088081118,10.861431274251048]},"properties":{"property_type":"land","smoothed_log_price_per_m2":18.0917,"confidence":0.267}},{"type":"Feature","geometry":{"type":"Point","coordinates":[106.7324071257412,10.662168422199358]},"properties":{"property_type":"land","smoothed_log_price_per_m2":17.7586,"confidence":1.0}},{"type":"Feature","geometry":{"type":"Point","coordinates":[106.68321457344868,10.792467203867181]},"properties":{"property_type":"land","smoothed_log_price_per_m2":18.2898,"confidence":0.4}},{"type":"Feature","geometry":{"type":"Point","coordinates":[106.65311940189382,10.764522413670466]},"properties":{"property_type":"land","smoothed_log_price_per_m2":18.2811,"confidence":0.2}},{"type":"Feature","geometry":{"type":"Point","coordinates":[106.7337545952263,10.71667196434401]},"properties":{"property_type":"land","smoothed_log_price_per_m2":18.4559,"confidence":0.4}},{"type":"Feature","geometry":{"type":"Point","coordinates":[106.73313079789258,10.794810614218925]},"properties":{"property_type":"land","smoothed_log_price_per_m2":18.6389,"confidence":0.467}},{"type":"Feature","geometry":{"type":"Point","coordinates":[106.63889971498004,10.758265600881783]},"properties":{"property_type":"land","smoothed_log_price_per_m2":18.4631,"confidence":0.2}},{"type":"Feature","geometry":{"type":"Point","coordinates":[106.51279260210566,11.100067892431275]},"properties":{"property_type":"land","smoothed_log_price_per_m2":15.3044,"confidence":1.0}},{"type":"Feature","geometry":{"type":"Point","coordinates":[106.62402854332652,10.83017162132234]},"properties":{"property_type":"land","smoothed_log_price_per_m2":17.995,"confidence":0.467}},{"type":"Feature","geometry":{"type":"Point","coordinates":[106.72711767165875,10.654938444294691]},"properties":{"property_type":"land","smoothed_log_price_per_m2":17.7586,"confidence":1.0}},{"type":"Feature","geometry":{"type":"Point","coordinates":[106.66504047981726,10.8334960723768]},"properties":{"property_type":"land","smoothed_log_price_per_m2":18.0122,"confidence":0.4}},{"type":"Feature","geometry":{"type":"Point","coordinates":[106.65942638737283,10.865343620769176]},"properties":{"property_type":"land","smoothed_log_price_per_m2":17.8008,"confidence":1.0}},{"type":"Feature","geometry":{"type":"Point","coordinates":[106.66306237277918,10.857137303225626]},"properties":{"property_type":"land","smoothed_log_price_per_m2":17.8364,"confidence":1.0}},{"type":"Feature","geometry":{"type":"Point","coordinates":[106.74765569943004,10.761992344192043]},"properties":{"property_type":"land","smoothed_log_price_per_m2":18.515,"confidence":0.2}},{"type":"Feature","geometry":{"type":"Point","coordinates":[106.58598589217296,10.896804751955578]},"properties":{"property_type":"land","smoothed_log_price_per_m2":16.8528,"confidence":0.2}},{"type":"Feature","geometry":{"type":"Point","coordinates":[106.79195227079609,10.796166220477724]},"properties":{"property_type":"land","smoothed_log_price_per_m2":18.2182,"confidence":0.2}},{"type":"Feature","geometry":{"type":"Point","coordinates":[106.65279755075848,10.803601095119618]},"properties":{"property_type":"land","smoothed_log_price_per_m2":17.9551,"confidence":1.0}},{"type":"Feature","geometry":{"type":"Point","coordinates":[106.82732725968,10.83130482944785]},"properties":{"property_type":"land","smoothed_log_price_per_m2":18.1563,"confidence":0.2}},{"type":"Feature","geometry":{"type":"Point","coordinates":[106.72949890181559,10.803015472043949]},"properties":{"property_type":"land","smoothed_log_price_per_m2":18.6143,"confidence":0.4}},{"type":"Feature","geometry":{"type":"Point","coordinates":[106.77515913419468,10.891678873497986]},"properties":{"property_type":"land","smoothed_log_price_per_m2":18.0077,"confidence":0.267}},{"type":"Feature","geometry":{"type":"Point","coordinates":[106.6706532645357,10.801649066586402]},"properties":{"property_type":"land","smoothed_log_price_per_m2":18.1176,"confidence":1.0}},{"type":"Feature","geometry":{"type":"Point","coordinates":[106.77878981881426,10.88347399191266]},"properties":{"property_type":"land","smoothed_log_price_per_m2":17.9746,"confidence":0.267}},{"type":"Feature","geometry":{"type":"Point","coordinates":[106.6653608507836,10.794419370186688]},"properties":{"property_type":"land","smoothed_log_price_per_m2":18.0489,"confidence":1.0}},{"type":"Feature","geometry":{"type":"Point","coordinates":[106.67728474269738,10.863387853947824]},"properties":{"property_type":"land","smoothed_log_price_per_m2":17.9302,"confidence":1.0}},{"type":"Feature","geometry":{"type":"Point","coordinates":[106.65049637921189,10.866321199076106]},"properties":{"property_type":"land","smoothed_log_price_per_m2":17.6831,"confidence":0.933}},{"type":"Feature","geometry":{"type":"Point","coordinates":[106.73074801359749,10.64673475994106]},"properties":{"property_type":"land","smoothed_log_price_per_m2":17.7586,"confidence":1.0}},{"type":"Feature","geometry":{"type":"Point","coordinates":[106.73084649318893,10.857515679758935]},"properties":{"property_type":"land","smoothed_log_price_per_m2":18.1512,"confidence":0.267}},{"type":"Feature","geometry":{"type":"Point","coordinates":[106.76882001149181,10.790898500961948]},"properties":{"property_type":"land","smoothed_log_price_per_m2":18.2788,"confidence":0.933}},{"type":"Feature","geometry":{"type":"Point","coordinates":[106.64685968382129,10.874527759342861]},"properties":{"property_type":"land","smoothed_log_price_per_m2":17.7741,"confidence":0.933}},{"type":"Feature","geometry":{"type":"Point","coordinates":[106.67926166769061,10.83974761820008]},"properties":{"property_type":"land","smoothed_log_price_per_m2":18.1077,"confidence":0.6}},{"type":"Feature","geometry":{"type":"Point","coordinates":[106.677603633141,10.824313153797199]},"properties":{"property_type":"land","smoothed_log_price_per_m2":18.1798,"confidence":0.6}},{"type":"Feature","geometry":{"type":"Point","coordinates":[106.64916167458294,10.811807153300256]},"properties":{"property_type":"land","smoothed_log_price_per_m2":17.9706,"confidence":1.0}},{"type":"Feature","geometry":{"type":"Point","coordinates":[106.5959075482811,10.778573805206994]},"properties":{"property_type":"land","smoothed_log_price_per_m2":18.0945,"confidence":1.0}},{"type":"Feature","geometry":{"type":"Point","coordinates":[106.58002925627702,10.75687342738164]},"properties":{"property_type":"land","smoothed_log_price_per_m2":18.0665,"confidence":0.2}},{"type":"Feature","geometry":{"type":"Point","coordinates":[106.6293219852391,10.837402245641456]},"properties":{"property_type":"land","smoothed_log_price_per_m2":17.8983,"confidence":0.467}},{"type":"Feature","geometry":{"type":"Point","coordinates":[106.59789093221694,10.754927687950357]},"properties":{"property_type":"land","smoothed_log_price_per_m2":18.117,"confidence":0.2}},{"type":"Feature","geometry":{"type":"Point","coordinates":[106.62766583843,10.82196507327531]},"properties":{"property_type":"land","smoothed_log_price_per_m2":17.9027,"confidence":0.2}},{"type":"Feature","geometry":{"type":"Point","coordinates":[106.64451469177659,10.726416734953144]},"properties":{"property_type":"land","smoothed_log_price_per_m2":18.7831,"confidence":0.533}},{"type":"Feature","geometry":{"type":"Point","coordinates":[106.78832320903322,10.804370248729755]},"properties":{"property_type":"land","smoothed_log_price_per_m2":18.229,"confidence":0.2}},{"type":"Feature","geometry":{"type":"Point","coordinates":[106.74703524260556,10.840126144176631]},"properties":{"property_type":"land","smoothed_log_price_per_m2":17.9944,"confidence":0.533}},{"type":"Feature","geometry":{"type":"Point","coordinates":[106.74371423042311,10.809264252167923]},"properties":{"property_type":"land","smoothed_log_price_per_m2":18.4897,"confidence":1.0}},{"type":"Feature","geometry":{"type":"Point","coordinates":[106.76125097574464,10.846372002959452]},"properties":{"property_type":"land","smoothed_log_price_per_m2":18.0129,"confidence":0.867}},{"type":"Feature","geometry":{"type":"Point","coordinates":[106.6296467659017,10.79832128114571]},"properties":{"property_type":"land","smoothed_log_price_per_m2":18.0126,"confidence":0.2}},{"type":"Feature","geometry":{"type":"Point","coordinates":[106.67958029090921,10.800672749490198]},"properties":{"property_type":"land","smoothed_log_price_per_m2":18.2379,"confidence":0.4}},{"type":"Feature","geometry":{"type":"Point","coordinates":[106.69379901442286,10.806924903763878]},"properties":{"property_type":"land","smoothed_log_price_per_m2":18.3627,"confidence":0.333}},{"type":"Feature","geometry":{"type":"Point","coordinates":[106.73873377518666,10.762969330940017]},"properties":{"property_type":"land","smoothed_log_price_per_m2":18.532,"confidence":0.2}},{"type":"Feature","geometry":{"type":"Point","coordinates":[106.60483833243062,10.777600036220537]},"properties":{"property_type":"land","smoothed_log_price_per_m2":18.0904,"confidence":1.0}},{"type":"Feature","geometry":{"type":"Point","coordinates":[106.71662813003435,10.851268360089714]},"properties":{"property_type":"land","smoothed_log_price_per_m2":18.3409,"confidence":0.267}},{"type":"Feature","geometry":{"type":"Point","coordinates":[106.68487265456938,10.807901757603158]},"properties":{"property_type":"land","smoothed_log_price_per_m2":18.2862,"confidence":0.4}},{"type":"Feature","geometry":{"type":"Point","coordinates":[106.65509779310432,10.740880101749466]},"properties":{"property_type":"land","smoothed_log_price_per_m2":18.8061,"confidence":0.533}},{"type":"Feature","geometry":{"type":"Point","coordinates":[106.69048233425028,10.776056457774597]},"properties":{"property_type":"land","smoothed_log_price_per_m2":18.4367,"confidence":0.333}},{"type":"Feature","geometry":{"type":"Point","coordinates":[106.70075011565785,10.829586656802856]},"properties":{"property_type":"land","smoothed_log_price_per_m2":18.5784,"confidence":0.6}},{"type":"Feature","geometry":{"type":"Point","coordinates":[106.60318341359508,10.762160831026803]},"properties":{"property_type":"land","smoothed_log_price_per_m2":18.097,"confidence":1.0}},{"type":"Feature","geometry":{"type":"Point","coordinates":[106.59492053667995,10.895828006735846]},"properties":{"property_type":"land","smoothed_log_price_per_m2":17.0033,"confidence":0.2}},{"type":"Feature","geometry":{"type":"Point","coordinates":[106.5664607933963,10.883317964631962]},"properties":{"property_type":"land","smoothed_log_price_per_m2":16.6894,"confidence":1.0}},{"type":"Feature","geometry":{"type":"Point","coordinates":[106.71290798797965,10.64868127762729]},"properties":{"property_type":"land","smoothed_log_price_per_m2":17.7586,"confidence":1.0}},{"type":"Feature","geometry":{"type":"Point","coordinates":[106.74267553258844,10.71569638953196]},"properties":{"property_type":"land","smoothed_log_price_per_m2":18.4351,"confidence":0.333}},{"type":"Feature","geometry":{"type":"Point","coordinates":[106.58896036930543,10.755900658456605]},"properties":{"property_type":"land","smoothed_log_price_per_m2":18.1094,"confidence":0.2}},{"type":"Feature","geometry":{"type":"Point","coordinates":[106.82369951887827,10.839508622063265]},"properties":{"property_type":"land","smoothed_log_price_per_m2":18.1575,"confidence":0.333}},{"type":"Feature","geometry":{"type":"Point","coordinates":[106.72721377914415,10.865721048234409]},"properties":{"property_type":"land","smoothed_log_price_per_m2":18.1376,"confidence":0.2}},{"type":"Feature","geometry":{"type":"Point","coordinates":[106.49854840765494,11.093817803375902]},"properties":{"property_type":"land","smoothed_log_price_per_m2":15.3044,"confidence":1.0}},{"type":"Feature","geometry":{"type":"Point","coordinates":[106.72981129433842,10.763946117400499]},"properties":{"property_type":"land","smoothed_log_price_per_m2":18.5548,"confidence":0.2}},{"type":"Feature","geometry":{"type":"Point","coordinates":[106.74734550896238,10.801059547905925]},"properties":{"property_type":"land","smoothed_log_price_per_m2":18.4721,"confidence":1.0}},{"type":"Feature","geometry":{"type":"Point","coordinates":[106.59954561481268,10.77036726091637]},"properties":{"property_type":"land","smoothed_log_price_per_m2":18.0945,"confidence":1.0}},{"type":"Feature","geometry":{"type":"Point","coordinates":[106.67428798908249,10.793443387838815]},"properties":{"property_type":"land","smoothed_log_price_per_m2":18.1861,"confidence":0.4}},{"type":"Feature","geometry":{"type":"Point","coordinates":[106.6739687202393,10.832519022174838]},"properties":{"property_type":"land","smoothed_log_price_per_m2":18.0223,"confidence":0.6}},{"type":"Feature","geometry":{"type":"Point","coordinates":[106.74869596135035,10.8555566667284]},"properties":{"property_type":"land","smoothed_log_price_per_m2":17.9843,"confidence":0.467}},{"type":"Feature","geometry":{"type":"Point","coordinates":[106.59425296040789,10.763134134864426]},"properties":{"property_type":"land","smoothed_log_price_per_m2":18.0988,"confidence":1.0}},{"type":"Feature","geometry":{"type":"Point","coordinates":[106.641565817895,10.867298573833667]},"properties":{"property_type":"land","smoothed_log_price_per_m2":17.8038,"confidence":0.933}},{"type":"Feature","geometry":{"type":"Point","coordinates":[106.61675314930292,10.846585053440725]},"properties":{"property_type":"land","smoothed_log_price_per_m2":17.9606,"confidence":0.533}},{"type":"Feature","geometry":{"type":"Point","coordinates":[106.71694215646221,10.812198239367396]},"properties":{"property_type":"land","smoothed_log_price_per_m2":18.5781,"confidence":0.267}},{"type":"Feature","geometry":{"type":"Point","coordinates":[106.62666006986409,10.728363288293718]},"properties":{"property_type":"land","smoothed_log_price_per_m2":18.6009,"confidence":0.467}},{"type":"Feature","geometry":{"type":"Point","coordinates":[106.5906147208812,10.771340696409672]},"properties":{"property_type":"land","smoothed_log_price_per_m2":18.0954,"confidence":1.0}},{"type":"Feature","geometry":{"type":"Point","coordinates":[106.81477997696034,10.840489709613248]},"properties":{"property_type":"land","smoothed_log_price_per_m2":18.1402,"confidence":0.267}},{"type":"Feature","geometry":{"type":"Point","coordinates":[106.70304051597236,10.76687527395918]},"properties":{"property_type":"land","smoothed_log_price_per_m2":18.4614,"confidence":0.333}},{"type":"Feature","geometry":{"type":"Point","coordinates":[106.64419181744913,10.765497058412578]},"properties":{"property_type":"land","smoothed_log_price_per_m2":18.2545,"confidence":0.267}},{"type":"Feature","geometry":{"type":"Point","coordinates":[106.66835584199542,10.864365839023028]},"properties":{"property_type":"land","smoothed_log_price_per_m2":17.8365,"confidence":1.0}},{"type":"Feature","geometry":{"type":"Point","coordinates":[106.58598214383295,10.685931782367694]},"properties":{"property_type":"land","smoothed_log_price_per_m2":16.481,"confidence":1.0}},{"type":"Feature","geometry":{"type":"Point","coordinates":[106.82007150939918,10.847712529983951]},"properties":{"property_type":"land","smoothed_log_price_per_m2":18.1337,"confidence":0.267}},{"type":"Feature","geometry":{"type":"Point","coordinates":[106.77017387282204,10.84539212509143]},"properties":{"property_type":"land","smoothed_log_price_per_m2":18.0512,"confidence":0.533}},{"type":"Feature","geometry":{"type":"Point","coordinates":[106.73209515189588,10.701238975994537]},"properties":{"property_type":"land","smoothed_log_price_per_m2":18.2576,"confidence":0.267}},{"type":"Feature","geometry":{"type":"Point","coordinates":[106.64617098038516,10.741854146253981]},"properties":{"property_type":"land","smoothed_log_price_per_m2":18.7955,"confidence":0.667}},{"type":"Feature","geometry":{"type":"Point","coordinates":[106.59656515358888,10.70040133567453]},"properties":{"property_type":"land","smoothed_log_price_per_m2":16.481,"confidence":1.0}},{"type":"Feature","geometry":{"type":"Point","coordinates":[106.6379286807762,10.875505265390437]},"properties":{"property_type":"land","smoothed_log_price_per_m2":17.7935,"confidence":0.6}},{"type":"Feature","geometry":{"type":"Point","coordinates":[106.65809024990153,10.8108311075447]},"properties":{"property_type":"land","smoothed_log_price_per_m2":17.9772,"confidence":1.0}},{"type":"Feature","geometry":{"type":"Point","coordinates":[106.73977150575621,10.856536274467086]},"properties":{"property_type":"land","smoothed_log_price_per_m2":18.031,"confidence":0.2}},{"type":"Feature","geometry":{"type":"Point","coordinates":[106.7096761375757,10.828608797123637]},"properties":{"property_type":"land","smoothed_log_price_per_m2":18.5446,"confidence":0.6}},{"type":"Feature","geometry":{"type":"Point","coordinates":[106.51809164190725,11.107297417194905]},"properties":{"property_type":"land","smoothed_log_price_per_m2":15.3044,"confidence":1.0}},{"type":"Feature","geometry":{"type":"Point","coordinates":[106.68289640660798,10.831541769438509]},"properties":{"property_type":"land","smoothed_log_price_per_m2":18.1931,"confidence":0.6}},{"type":"Feature","geometry":{"type":"Point","coordinates":[106.63857611611068,10.79734610639025]},"properties":{"property_type":"land","smoothed_log_price_per_m2":17.9591,"confidence":0.2}},{"type":"Feature","geometry":{"type":"Point","coordinates":[106.7314709752635,10.779378502808939]},"properties":{"property_type":"land","smoothed_log_price_per_m2":18.5714,"confidence":0.2}},{"type":"Feature","geometry":{"type":"Point","coordinates":[106.50749362715875,11.092838005606803]},"properties":{"property_type":"land","smoothed_log_price_per_m2":15.3044,"confidence":1.0}},{"type":"Feature","geometry":{"type":"Point","coordinates":[106.5912736170476,10.693166732783027]},"properties":{"property_type":"land","smoothed_log_price_per_m2":16.481,"confidence":1.0}},{"type":"Feature","geometry":{"type":"Point","coordinates":[106.61840901239259,10.862022501827203]},"properties":{"property_type":"land","smoothed_log_price_per_m2":17.7142,"confidence":0.267}},{"type":"Feature","geometry":{"type":"Point","coordinates":[106.70833207067241,10.774104020474464]},"properties":{"property_type":"land","smoothed_log_price_per_m2":18.5174,"confidence":0.267}},{"type":"Feature","geometry":{"type":"Point","coordinates":[106.51113949639975,11.084628084172984]},"properties":{"property_type":"land","smoothed_log_price_per_m2":15.3044,"confidence":1.0}},{"type":"Feature","geometry":{"type":"Point","coordinates":[106.72057476353322,10.80399313220844]},"properties":{"property_type":"land","smoothed_log_price_per_m2":18.5734,"confidence":0.2}},{"type":"Feature","geometry":{"type":"Point","coordinates":[106.64980621127792,10.733648593498463]},"properties":{"property_type":"land","smoothed_log_price_per_m2":18.7917,"confidence":0.533}},{"type":"Feature","geometry":{"type":"Point","coordinates":[106.65215361217844,10.881756589042878]},"properties":{"property_type":"land","smoothed_log_price_per_m2":17.7718,"confidence":0.4}},{"type":"Feature","geometry":{"type":"Point","coordinates":[106.75460726102344,10.784650486817862]},"properties":{"property_type":"land","smoothed_log_price_per_m2":18.8839,"confidence":0.8}},{"type":"Feature","geometry":{"type":"Point","coordinates":[106.68621308909663,10.86240966565376]},"properties":{"property_type":"land","smoothed_log_price_per_m2":18.0489,"confidence":0.2}},{"type":"Feature","geometry":{"type":"Point","coordinates":[106.75761985959048,10.854576856653264]},"properties":{"property_type":"land","smoothed_log_price_per_m2":18.0288,"confidence":1.0}},{"type":"Feature","geometry":{"type":"Point","coordinates":[106.61873516422469,10.822940643401271]},"properties":{"property_type":"land","smoothed_log_price_per_m2":17.8588,"confidence":0.2}},{"type":"Feature","geometry":{"type":"Point","coordinates":[106.65643315893394,10.795395150801038]},"properties":{"property_type":"land","smoothed_log_price_per_m2":17.9687,"confidence":1.0}},{"type":"Feature","geometry":{"type":"Point","coordinates":[106.76654320009588,10.85359684435208]},"properties":{"property_type":"land","smoothed_log_price_per_m2":18.0565,"confidence":1.0}},{"type":"Feature","geometry":{"type":"Point","coordinates":[106.74931603843548,10.77742378873084]},"properties":{"property_type":"land","smoothed_log_price_per_m2":18.7151,"confidence":0.667}},{"type":"Feature","geometry":{"type":"Point","coordinates":[106.76623525057735,10.892660164314881]},"properties":{"property_type":"land","smoothed_log_price_per_m2":18.0099,"confidence":0.267}},{"type":"Feature","geometry":{"type":"Point","coordinates":[106.64520268694883,10.859091993075706]},"properties":{"property_type":"land","smoothed_log_price_per_m2":17.7911,"confidence":0.933}},{"type":"Feature","geometry":{"type":"Point","coordinates":[106.5823443781253,10.694137843148802]},"properties":{"property_type":"land","smoothed_log_price_per_m2":16.481,"confidence":1.0}},{"type":"Feature","geometry":{"type":"Point","coordinates":[106.7645736838127,10.877231065139323]},"properties":{"property_type":"land","smoothed_log_price_per_m2":17.9214,"confidence":0.267}},{"type":"Feature","geometry":{"type":"Point","coordinates":[106.64055595642084,10.773702942050809]},"properties":{"property_type":"land","smoothed_log_price_per_m2":18.1772,"confidence":0.2}},{"type":"Feature","geometry":{"type":"Point","coordinates":[106.72649235753882,10.733080533671549]},"properties":{"property_type":"land","smoothed_log_price_per_m2":18.4944,"confidence":0.6}},{"type":"Feature","geometry":{"type":"Point","coordinates":[106.66701827192684,10.809854859603444]},"properties":{"property_type":"land","smoothed_log_price_per_m2":18.0311,"confidence":1.0}},{"type":"Feature","geometry":{"type":"Point","coordinates":[106.6362720144889,10.86006903290607]},"properties":{"property_type":"land","smoothed_log_price_per_m2":17.8322,"confidence":0.267}},{"type":"Feature","geometry":{"type":"Point","coordinates":[106.76094238053214,10.885436102562577]},"properties":{"property_type":"land","smoothed_log_price_per_m2":17.9647,"confidence":0.267}},{"type":"Feature","geometry":{"type":"Point","coordinates":[106.72617958575844,10.772150779803942]},"properties":{"property_type":"land","smoothed_log_price_per_m2":18.5483,"confidence":0.2}},{"type":"Feature","geometry":{"type":"Point","coordinates":[106.74630580650792,10.707492419305447]},"properties":{"property_type":"land","smoothed_log_price_per_m2":18.3198,"confidence":0.333}},{"type":"Feature","geometry":{"type":"Point","coordinates":[106.72545879477994,10.63950441908409]},"properties":{"property_type":"land","smoothed_log_price_per_m2":17.7586,"confidence":1.0}},{"type":"Feature","geometry":{"type":"Point","coordinates":[106.63328343064745,10.790115053851123]},"properties":{"property_type":"land","smoothed_log_price_per_m2":18.0307,"confidence":0.2}},{"type":"Feature","geometry":{"type":"Point","coordinates":[106.58069101772664,10.889573599899872]},"properties":{"property_type":"land","smoothed_log_price_per_m2":16.7966,"confidence":1.0}},{"type":"Feature","geometry":{"type":"Point","coordinates":[106.74900603781593,10.816490538613005]},"properties":{"property_type":"land","smoothed_log_price_per_m2":18.5039,"confidence":0.733}},{"type":"Feature","geometry":{"type":"Point","coordinates":[106.59623639115794,10.739487846379822]},"properties":{"property_type":"land","smoothed_log_price_per_m2":17.8926,"confidence":0.2}},{"type":"Feature","geometry":{"type":"Point","coordinates":[106.67231092155087,10.81708418372189]},"properties":{"property_type":"land","smoothed_log_price_per_m2":18.1295,"confidence":0.267}},{"type":"Feature","geometry":{"type":"Point","coordinates":[106.75823773454641,10.776446130858155]},"properties":{"property_type":"land","smoothed_log_price_per_m2":18.944,"confidence":0.867}},{"type":"Feature","geometry":{"type":"Point","coordinates":[106.6633830112555,10.81806076645627]},"properties":{"property_type":"land","smoothed_log_price_per_m2":18.0391,"confidence":1.0}},{"type":"Feature","geometry":{"type":"Point","coordinates":[106.63263470380474,10.868275744931747]},"properties":{"property_type":"land","smoothed_log_price_per_m2":17.8103,"confidence":0.267}},{"type":"Feature","geometry":{"type":"Point","coordinates":[106.73479076224103,10.81024244935991]},"properties":{"property_type":"land","smoothed_log_price_per_m2":18.6159,"confidence":0.867}},{"type":"Feature","geometry":{"type":"Point","coordinates":[106.60947668352199,10.86299893069792]},"properties":{"property_type":"land","smoothed_log_price_per_m2":17.4913,"confidence":0.2}},{"type":"Feature","geometry":{"type":"Point","coordinates":[106.50219471715593,11.085607757111852]},"properties":{"property_type":"land","smoothed_log_price_per_m2":15.3044,"confidence":1.0}},{"type":"Feature","geometry":{"type":"Point","coordinates":[106.57903643246618,10.874134488507552]},"properties":{"property_type":"land","smoothed_log_price_per_m2":16.6623,"confidence":1.0}},{"type":"Feature","geometry":{"type":"Point","coordinates":[106.67594574027676,10.808878409586306]},"properties":{"property_type":"land","smoothed_log_price_per_m2":18.2159,"confidence":0.667}},{"type":"Feature","geometry":{"type":"Point","coordinates":[106.74568512184891,10.785628279825337]},"properties":{"property_type":"land","smoothed_log_price_per_m2":18.6699,"confidence":0.733}},{"type":"Feature","geometry":{"type":"Point","coordinates":[106.79724332963296,10.803390845317594]},"properties":{"property_type":"land","smoothed_log_price_per_m2":18.2236,"confidence":0.2}},{"type":"Feature","geometry":{"type":"Point","coordinates":[106.6273407895092,10.861045869193255]},"properties":{"property_type":"land","smoothed_log_price_per_m2":17.8249,"confidence":0.2}},{"type":"Feature","geometry":{"type":"Point","coordinates":[106.73510250934777,10.77117385847925]},"properties":{"property_type":"land","smoothed_log_price_per_m2":18.5506,"confidence":0.2}},{"type":"Feature","geometry":{"type":"Point","coordinates":[106.58797085515391,10.873158541677476]},"properties":{"property_type":"land","smoothed_log_price_per_m2":16.7189,"confidence":1.0}},{"type":"Feature","geometry":{"type":"Point","coordinates":[106.57539620686836,10.882342092753602]},"properties":{"property_type":"land","smoothed_log_price_per_m2":16.664,"confidence":1.0}},{"type":"Feature","geometry":{"type":"Point","coordinates":[106.72555381261667,10.85028949332609]},"properties":{"property_type":"land","smoothed_log_price_per_m2":18.256,"confidence":0.2}},{"type":"Feature","geometry":{"type":"Point","coordinates":[106.73012361045768,10.724876189617978]},"properties":{"property_type":"land","smoothed_log_price_per_m2":18.4724,"confidence":0.933}},{"type":"Feature","geometry":{"type":"Point","coordinates":[106.76291225887358,10.861801677264605]},"properties":{"property_type":"land","smoothed_log_price_per_m2":18.0066,"confidence":0.533}},{"type":"Feature","geometry":{"type":"Point","coordinates":[106.75097651916231,10.792854959311502]},"properties":{"property_type":"land","smoothed_log_price_per_m2":18.6387,"confidence":1.0}},{"type":"Feature","geometry":{"type":"Point","coordinates":[106.69774902268502,10.759646174776456]},"properties":{"property_type":"land","smoothed_log_price_per_m2":18.4528,"confidence":0.2}},{"type":"Feature","geometry":{"type":"Point","coordinates":[106.76820471856476,10.869026140271444]},"properties":{"property_type":"land","smoothed_log_price_per_m2":17.9406,"confidence":0.467}},{"type":"Feature","geometry":{"type":"Point","coordinates":[106.83261850027372,10.838527333286365]},"properties":{"property_type":"land","smoothed_log_price_per_m2":18.1672,"confidence":0.2}},{"type":"Feature","geometry":{"type":"Point","coordinates":[106.73541418020801,10.73210468779889]},"properties":{"property_type":"land","smoothed_log_price_per_m2":18.498,"confidence":0.6}},{"type":"Feature","geometry":{"type":"Point","coordinates":[106.63691982748705,10.7819089406749]},"properties":{"property_type":"land","smoothed_log_price_per_m2":18.1135,"confidence":0.333}},{"type":"Feature","geometry":{"type":"Point","coordinates":[106.73738531184522,10.708467858282654]},"properties":{"property_type":"land","smoothed_log_price_per_m2":18.3442,"confidence":0.4}},{"type":"Feature","geometry":{"type":"Point","coordinates":[106.63724361512419,10.742827990059267]},"properties":{"property_type":"land","smoothed_log_price_per_m2":18.7084,"confidence":0.867}},{"type":"Feature","geometry":{"type":"Point","coordinates":[106.72483310163358,10.717647339893285]},"properties":{"property_type":"land","smoothed_log_price_per_m2":18.4558,"confidence":0.4}},{"type":"Feature","geometry":{"type":"Point","coordinates":[106.75595881182457,10.839146804604322]},"properties":{"property_type":"land","smoothed_log_price_per_m2":18.0003,"confidence":0.533}},{"type":"Feature","geometry":{"type":"Point","coordinates":[106.72348706169704,10.66314225051246]},"properties":{"property_type":"land","smoothed_log_price_per_m2":17.7586,"confidence":1.0}},{"type":"Feature","geometry":{"type":"Point","coordinates":[106.65776896570527,10.849908411985078]},"properties":{"property_type":"land","smoothed_log_price_per_m2":17.8276,"confidence":1.0}},{"type":"Feature","geometry":{"type":"Point","coordinates":[106.59491094234433,10.684960804563207]},"properties":{"property_type":"land","smoothed_log_price_per_m2":16.481,"confidence":1.0}},{"type":"Feature","geometry":{"type":"Point","coordinates":[106.58730615925732,10.740460351879602]},"properties":{"property_type":"land","smoothed_log_price_per_m2":17.8219,"confidence":0.2}},{"type":"Feature","geometry":{"type":"Point","coordinates":[106.72358079672493,10.873926529113838]},"properties":{"property_type":"land","smoothed_log_price_per_m2":18.1235,"confidence":0.2}},{"type":"Feature","geometry":{"type":"Point","coordinates":[106.66867583473119,10.825290071463291]},"properties":{"property_type":"land","smoothed_log_price_per_m2":18.075,"confidence":0.467}},{"type":"Feature","geometry":{"type":"Point","coordinates":[106.75232752080471,10.847351678827287]},"properties":{"property_type":"land","smoothed_log_price_per_m2":17.9617,"confidence":0.733}},{"type":"Feature","geometry":{"type":"Point","coordinates":[106.77774092085296,10.789919970771479]},"properties":{"property_type":"land","smoothed_log_price_per_m2":17.9878,"confidence":0.533}},{"type":"Feature","geometry":{"type":"Point","coordinates":[106.76986637885584,10.88445514863665]},"properties":{"property_type":"land","smoothed_log_price_per_m2":17.9596,"confidence":0.267}},{"type":"Feature","geometry":{"type":"Point","coordinates":[106.69877509737745,10.853225485851295]},"properties":{"property_type":"land","smoothed_log_price_per_m2":18.1995,"confidence":0.267}},{"type":"Feature","geometry":{"type":"Point","coordinates":[106.59128083011802,10.904035548529558]},"properties":{"property_type":"land","smoothed_log_price_per_m2":17.0226,"confidence":0.2}},{"type":"Feature","geometry":{"type":"Point","coordinates":[106.72389398784928,10.834857654172291]},"properties":{"property_type":"land","smoothed_log_price_per_m2":18.3451,"confidence":0.533}},{"type":"Feature","geometry":{"type":"Point","coordinates":[106.69348213881545,10.845997935856177]},"properties":{"property_type":"land","smoothed_log_price_per_m2":18.3186,"confidence":0.2}},{"type":"Feature","geometry":{"type":"Point","coordinates":[106.66172568435812,10.802625181832807]},"properties":{"property_type":"land","smoothed_log_price_per_m2":17.9408,"confidence":1.0}},{"type":"Feature","geometry":{"type":"Point","coordinates":[106.62204693797884,10.853815638565894]},"properties":{"property_type":"land","smoothed_log_price_per_m2":17.9276,"confidence":0.533}},{"type":"Feature","geometry":{"type":"Point","coordinates":[106.64782741057225,10.75729129019387]},"properties":{"property_type":"land","smoothed_log_price_per_m2":18.4483,"confidence":0.267}},{"type":"Feature","geometry":{"type":"Point","coordinates":[106.76352884283507,10.78367249317555]},"properties":{"property_type":"land","smoothed_log_price_per_m2":18.8393,"confidence":1.0}},{"type":"Feature","geometry":{"type":"Point","coordinates":[106.62831569770361,10.743801633055966]},"properties":{"property_type":"land","smoothed_log_price_per_m2":18.6192,"confidence":0.467}},{"type":"Feature","geometry":{"type":"Point","coordinates":[106.71756997889494,10.734056179830255]},"properties":{"property_type":"land","smoothed_log_price_per_m2":18.4609,"confidence":0.533}},{"type":"Feature","geometry":{"type":"Point","coordinates":[106.70604272575923,10.83681424685397]},"properties":{"property_type":"land","smoothed_log_price_per_m2":18.5586,"confidence":0.6}},{"type":"Feature","geometry":{"type":"Point","coordinates":[106.63097827369222,10.85283913695096]},"properties":{"property_type":"land","smoothed_log_price_per_m2":17.9516,"confidence":0.533}},{"type":"Feature","geometry":{"type":"Point","coordinates":[106.62039098028426,10.838378281522148]},"properties":{"property_type":"land","smoothed_log_price_per_m2":17.8982,"confidence":0.467}},{"type":"Feature","geometry":{"type":"Point","coordinates":[106.8289909351148,10.846731105193912]},"properties":{"property_type":"land","smoothed_log_price_per_m2":18.158,"confidence":0.333}},{"type":"Feature","geometry":{"type":"Point","coordinates":[106.62568459559425,10.845608886359294]},"properties":{"property_type":"land","smoothed_log_price_per_m2":17.9945,"confidence":0.533}},{"type":"Feature","geometry":{"type":"Point","coordinates":[106.71165006928618,10.804970590956575]},"properties":{"property_type":"land","smoothed_log_price_per_m2":18.5441,"confidence":0.267}},{"type":"Feature","geometry":{"type":"Point","coordinates":[106.67562666061635,10.847953579673867]},"properties":{"property_type":"land","smoothed_log_price_per_m2":17.9982,"confidence":0.4}},{"type":"Feature","geometry":{"type":"Point","coordinates":[106.728464260824,10.709443098222621]},"properties":{"property_type":"land","smoothed_log_price_per_m2":18.3668,"confidence":0.4}},{"type":"Feature","geometry":{"type":"Point","coordinates":[106.77411124042737,10.798124153827056]},"properties":{"property_type":"land","smoothed_log_price_per_m2":18.1926,"confidence":0.4}},{"type":"Feature","geometry":{"type":"Point","coordinates":[106.74039378521432,10.778401246084407]},"properties":{"property_type":"land","smoothed_log_price_per_m2":18.5689,"confidence":0.2}},{"type":"Feature","geometry":{"type":"Point","coordinates":[106.67199138538474,10.856159653426115]},"properties":{"property_type":"land","smoothed_log_price_per_m2":17.8604,"confidence":1.0}},{"type":"Feature","geometry":{"type":"Point","coordinates":[106.72192092402955,10.858494882493574]},"properties":{"property_type":"land","smoothed_log_price_per_m2":18.226,"confidence":0.2}},{"type":"Feature","geometry":{"type":"Point","coordinates":[106.75626797706528,10.800081284152471]},"properties":{"property_type":"land","smoothed_log_price_per_m2":18.5343,"confidence":0.8}},{"type":"Feature","geometry":{"type":"Point","coordinates":[106.78666127183816,10.788941240050653]},"properties":{"property_type":"land","smoothed_log_price_per_m2":18.1626,"confidence":0.2}},{"type":"Feature","geometry":{"type":"Point","coordinates":[106.58433107037906,10.881366016218973]},"properties":{"property_type":"land","smoothed_log_price_per_m2":16.719,"confidence":1.0}},{"type":"Feature","geometry":{"type":"Point","coordinates":[106.7651898876804,10.799102819422814]},"properties":{"property_type":"land","smoothed_log_price_per_m2":18.3841,"confidence":0.2}},{"type":"Feature","geometry":{"type":"Point","coordinates":[106.68984774806582,10.854203744628778]},"properties":{"property_type":"land","smoothed_log_price_per_m2":18.1171,"confidence":0.2}},{"type":"Feature","geometry":{"type":"Point","coordinates":[106.63461548987318,10.844632515967431]},"properties":{"property_type":"land","smoothed_log_price_per_m2":17.8912,"confidence":0.4}},{"type":"Feature","geometry":{"type":"Point","coordinates":[106.60020230596713,10.69219542231785]},"properties":{"property_type":"land","smoothed_log_price_per_m2":16.481,"confidence":1.0}},{"type":"Feature","geometry":{"type":"Point","coordinates":[106.74402487646016,10.77019673664137]},"properties":{"property_type":"land","smoothed_log_price_per_m2":18.5394,"confidence":0.2}},{"type":"Feature","geometry":{"type":"Point","coordinates":[106.71860160391356,10.827630735350276]},"properties":{"property_type":"land","smoothed_log_price_per_m2":18.4919,"confidence":0.533}},{"type":"Feature","geometry":{"type":"Point","coordinates":[106.57374185816401,10.866902606349134]},"properties":{"property_type":"land","smoothed_log_price_per_m2":16.6673,"confidence":1.0}},{"type":"Feature","geometry":{"type":"Point","coordinates":[106.75263714162584,10.808285853663882]},"properties":{"property_type":"land","smoothed_log_price_per_m2":18.4763,"confidence":0.933}},{"type":"Feature","geometry":{"type":"Point","coordinates":[106.72286083646917,10.741284996071661]},"properties":{"property_type":"land","smoothed_log_price_per_m2":18.4884,"confidence":0.533}},{"type":"Feature","geometry":{"type":"Point","coordinates":[106.66669809005879,10.848931097322831]},"properties":{"property_type":"land","smoothed_log_price_per_m2":17.8653,"confidence":1.0}},{"type":"Feature","geometry":{"type":"Point","coordinates":[106.72586673746042,10.811220445129761]},"properties":{"property_type":"land","smoothed_log_price_per_m2":18.557,"confidence":0.267}},{"type":"Feature","geometry":{"type":"Point","coordinates":[106.58763602416045,10.701372778723545]},"properties":{"property_type":"land","smoothed_log_price_per_m2":16.481,"confidence":1.0}},{"type":"Feature","geometry":{"type":"Point","coordinates":[106.78303203492595,10.797145287475306]},"properties":{"property_type":"land","smoothed_log_price_per_m2":18.1888,"confidence":0.4}},{"type":"Feature","geometry":{"type":"Point","coordinates":[106.74340350838285,10.848331152584565]},"properties":{"property_type":"land","smoothed_log_price_per_m2":18.0108,"confidence":0.4}},{"type":"Feature","geometry":{"type":"Point","coordinates":[106.75398847497067,10.86278182379541]},"properties":{"property_type":"land","smoothed_log_price_per_m2":17.9742,"confidence":0.333}},{"type":"Feature","geometry":{"type":"Point","coordinates":[106.635263680467,10.766471501886869]},"properties":{"property_type":"land","smoothed_log_price_per_m2":18.2312,"confidence":0.2}},{"type":"Feature","geometry":{"type":"Point","coordinates":[106.73904499048865,10.723900479174093]},"properties":{"property_type":"land","smoothed_log_price_per_m2":18.4631,"confidence":0.4}},{"type":"Feature","geometry":{"type":"Point","coordinates":[106.73603729330085,10.653964752334788]},"properties":{"property_type":"land","smoothed_log_price_per_m2":17.7586,"confidence":1.0}},{"type":"Feature","geometry":{"type":"Point","coordinates":[106.67033353921202,10.840725003494633]},"properties":{"property_type":"land","smoothed_log_price_per_m2":17.9912,"confidence":0.4}},{"type":"Feature","geometry":{"type":"Point","coordinates":[106.76488182343378,10.838167263147318]},"properties":{"property_type":"land","smoothed_log_price_per_m2":18.0286,"confidence":0.467}},{"type":"Feature","geometry":{"type":"Point","coordinates":[106.6458482948761,10.780934030518756]},"properties":{"property_type":"land","smoothed_log_price_per_m2":18.1271,"confidence":0.2}},{"type":"Feature","geometry":{"type":"Point","coordinates":[106.51643829893139,11.091857997608386]},"properties":{"property_type":"land","smoothed_log_price_per_m2":15.3044,"confidence":1.0}},{"type":"Feature","geometry":{"type":"Point","coordinates":[106.68091984394096,10.85518180052378]},"properties":{"property_type":"land","smoothed_log_price_per_m2":18.0316,"confidence":0.2}},{"type":"Feature","geometry":{"type":"Point","coordinates":[106.71819749428475,10.655911938358356]},"properties":{"property_type":"land","smoothed_log_price_per_m2":17.7586,"confidence":1.0}},{"type":"Feature","geometry":{"type":"Point","coordinates":[106.64948398235325,10.772728164499867]},"properties":{"property_type":"land","smoothed_log_price_per_m2":18.2112,"confidence":0.2}},{"type":"Feature","geometry":{"type":"Point","coordinates":[106.59259851407462,10.74769419477062]},"properties":{"property_type":"land","smoothed_log_price_per_m2":18.0499,"confidence":0.2}},{"type":"Feature","geometry":{"type":"Point","coordinates":[106.52173716625082,11.099087549234815]},"properties":{"property_type":"land","smoothed_log_price_per_m2":15.3044,"confidence":1.0}},{"type":"Feature","geometry":{"type":"Point","coordinates":[106.77244986690346,10.782694299008396]},"properties":{"property_type":"land","smoothed_log_price_per_m2":18.3089,"confidence":0.333}},{"type":"Feature","geometry":{"type":"Point","coordinates":[106.68653087736885,10.823336033822859]},"properties":{"property_type":"land","smoothed_log_price_per_m2":18.3148,"confidence":0.2}},{"type":"Feature","geometry":{"type":"Point","coordinates":[106.68818924186255,10.838770030255056]},"properties":{"property_type":"land","smoothed_log_price_per_m2":18.3552,"confidence":0.267}},{"type":"Feature","geometry":{"type":"Point","coordinates":[106.57010145968742,10.875110230908003]},"properties":{"property_type":"land","smoothed_log_price_per_m2":16.6623,"confidence":1.0}},{"type":"Feature","geometry":{"type":"Point","coordinates":[106.65344117429791,10.725443157693245]},"properties":{"property_type":"land","smoothed_log_price_per_m2":18.775,"confidence":0.4}},{"type":"Feature","geometry":{"type":"Point","coordinates":[106.72918643286114,10.842084217225944]},"properties":{"property_type":"land","smoothed_log_price_per_m2":18.2577,"confidence":0.2}},{"type":"Feature","geometry":{"type":"Point","coordinates":[106.73842248375225,10.8020376105731]},"properties":{"property_type":"land","smoothed_log_price_per_m2":18.6638,"confidence":1.0}},{"type":"Feature","geometry":{"type":"Point","coordinates":[106.50384748997426,11.101048025281907]},"properties":{"property_type":"land","smoothed_log_price_per_m2":15.3044,"confidence":1.0}},{"type":"Feature","geometry":{"type":"Point","coordinates":[106.73178310174598,10.740309014973334]},"properties":{"property_type":"land","smoothed_log_price_per_m2":18.4869,"confidence":0.6}},{"type":"Feature","geometry":{"type":"Point","coordinates":[106.63195181117607,10.735595814184489]},"properties":{"property_type":"land","smoothed_log_price_per_m2":18.6919,"confidence":0.867}},{"type":"Feature","geometry":{"type":"Point","coordinates":[106.71496863472079,10.835836051618129]},"properties":{"property_type":"land","smoothed_log_price_per_m2":18.4646,"confidence":0.533}},{"type":"Feature","geometry":{"type":"Point","coordinates":[106.65579013383939,10.873550049519578]},"properties":{"property_type":"land","smoothed_log_price_per_m2":17.7742,"confidence":0.733}},{"type":"Feature","geometry":{"type":"Point","coordinates":[106.68455467699587,10.846975859148273]},"properties":{"property_type":"land","smoothed_log_price_per_m2":18.1834,"confidence":0.2}},{"type":"Feature","geometry":{"type":"Point","coordinates":[106.76715887316665,10.775468272576289]},"properties":{"property_type":"land","smoothed_log_price_per_m2":18.6159,"confidence":0.8}},{"type":"Feature","geometry":{"type":"Point","coordinates":[106.72783917293336,10.787583263495883]},"properties":{"property_type":"land","smoothed_log_price_per_m2":18.595,"confidence":0.2}},{"type":"Feature","geometry":{"type":"Point","coordinates":[106.66472003044798,10.872572136030756]},"properties":{"property_type":"land","smoothed_log_price_per_m2":17.8094,"confidence":1.0}},{"type":"Feature","geometry":{"type":"Point","coordinates":[106.60847595811987,10.769393623608028]},"properties":{"property_type":"land","smoothed_log_price_per_m2":18.0947,"confidence":1.0}},{"type":"Feature","geometry":{"type":"Point","coordinates":[106.50914663730458,11.108277885265545]},"properties":{"property_type":"land","smoothed_log_price_per_m2":15.3044,"confidence":1.0}},{"type":"Feature","geometry":{"type":"Point","coordinates":[106.77183548478901,10.860821328392316]},"properties":{"property_type":"land","smoothed_log_price_per_m2":17.9894,"confidence":0.4}},{"type":"Feature","geometry":{"type":"Point","coordinates":[106.70438370175152,10.821381187389381]},"properties":{"property_type":"land","smoothed_log_price_per_m2":18.6301,"confidence":0.667}},{"type":"Feature","geometry":{"type":"Point","coordinates":[106.71528285072813,10.796765464804203]},"properties":{"property_type":"land","smoothed_log_price_per_m2":18.5211,"confidence":0.267}},{"type":"Feature","geometry":{"type":"Point","coordinates":[106.62302378307464,10.736569123544314]},"properties":{"property_type":"land","smoothed_log_price_per_m2":18.4696,"confidence":0.467}},{"type":"Feature","geometry":{"type":"Point","coordinates":[106.72420710235676,10.795788140106819]},"properties":{"property_type":"land","smoothed_log_price_per_m2":18.5857,"confidence":0.333}},{"type":"Feature","geometry":{"type":"Point","coordinates":[106.77546598248603,10.852616629935284]},"properties":{"property_type":"land","smoothed_log_price_per_m2":18.0256,"confidence":0.267}},{"type":"Feature","geometry":{"type":"Point","coordinates":[106.60152863630853,10.746721356101345]},"properties":{"property_type":"land","smoothed_log_price_per_m2":18.1134,"confidence":0.2}},{"type":"Feature","geometry":{"type":"Point","coordinates":[106.70801701962748,10.813175831962782]},"properties":{"property_type":"land","smoothed_log_price_per_m2":18.564,"confidence":0.267}},{"type":"Feature","geometry":{"type":"Point","coordinates":[106.63558765683793,10.727390111856383]},"properties":{"property_type":"land","smoothed_log_price_per_m2":18.7387,"confidence":0.867}},{"type":"Feature","geometry":{"type":"Point","coordinates":[106.58962577181343,10.88859718909213]},"properties":{"property_type":"land","smoothed_log_price_per_m2":16.8369,"confidence":0.2}},{"type":"Feature","geometry":{"type":"Point","coordinates":[106.77940252955256,10.805349451380659]},"properties":{"property_type":"land","smoothed_log_price_per_m2":18.2569,"confidence":0.2}},{"type":"Feature","geometry":{"type":"Point","coordinates":[106.64253548161932,10.750059815526281]},"properties":{"property_type":"land","smoothed_log_price_per_m2":18.7351,"confidence":0.267}},{"type":"Feature","geometry":{"type":"Point","coordinates":[106.69182353854141,10.830564314277833]},"properties":{"property_type":"land","smoothed_log_price_per_m2":18.3594,"confidence":0.267}},{"type":"Feature","geometry":{"type":"Point","coordinates":[106.74070481079538,10.739332834045031]},"properties":{"property_type":"land","smoothed_log_price_per_m2":18.4843,"confidence":0.6}},{"type":"Feature","geometry":{"type":"Point","coordinates":[106.69940747993773,10.775080339600711]},"properties":{"property_type":"land","smoothed_log_price_per_m2":18.4635,"confidence":0.333}},{"type":"Feature","geometry":{"type":"Point","coordinates":[106.71891536395383,10.788560453939079]},"properties":{"property_type":"land","smoothed_log_price_per_m2":18.5808,"confidence":0.267}},{"type":"Feature","geometry":{"type":"Point","coordinates":[106.63360767503514,10.751033792299033]},"properties":{"property_type":"land","smoothed_log_price_per_m2":18.6436,"confidence":0.4}},{"type":"Feature","geometry":{"type":"Point","coordinates":[106.64087928737125,10.73462230413278]},"properties":{"property_type":"land","smoothed_log_price_per_m2":18.8187,"confidence":0.867}},{"type":"Feature","geometry":{"type":"Point","coordinates":[106.75989854413481,10.791876830511978]},"properties":{"property_type":"land","smoothed_log_price_per_m2":18.5738,"confidence":1.0}},{"type":"Feature","geometry":{"type":"Point","coordinates":[106.69411581251327,10.76785125817201]},"properties":{"property_type":"land","smoothed_log_price_per_m2":18.423,"confidence":0.333}},{"type":"Feature","geometry":{"type":"Point","coordinates":[106.73447893885987,10.849310424120944]},"properties":{"property_type":"land","smoothed_log_price_per_m2":18.173,"confidence":0.267}},{"type":"Feature","geometry":{"type":"Point","coordinates":[106.72182827852825,10.647708117674144]},"properties":{"property_type":"land","smoothed_log_price_per_m2":17.7586,"confidence":1.0}},{"type":"Feature","geometry":{"type":"Point","coordinates":[106.73250669528886,10.872946856922072]},"properties":{"property_type":"land","smoothed_log_price_per_m2":18.0912,"confidence":0.2}},{"type":"Feature","geometry":{"type":"Point","coordinates":[106.77349723857475,10.876250245284021]},"properties":{"property_type":"land","smoothed_log_price_per_m2":17.9343,"confidence":0.267}},{"type":"Feature","geometry":{"type":"Point","coordinates":[106.72815175510198,10.748513460264364]},"properties":{"property_type":"land","smoothed_log_price_per_m2":18.4462,"confidence":0.533}},{"type":"Feature","geometry":{"type":"Point","coordinates":[106.68850676309685,10.799696230654021]},"properties":{"property_type":"land","smoothed_log_price_per_m2":18.3361,"confidence":0.4}},{"type":"Feature","geometry":{"type":"Point","coordinates":[106.71133539724782,10.844041481413067]},"properties":{"property_type":"land","smoothed_log_price_per_m2":18.4928,"confidence":0.533}},{"type":"Feature","geometry":{"type":"Point","coordinates":[106.6957741757806,10.78328552121931]},"properties":{"property_type":"land","smoothed_log_price_per_m2":18.4955,"confidence":0.2}},{"type":"Feature","geometry":{"type":"Point","coordinates":[106.65413280650642,10.858114749812195]},"properties":{"property_type":"land","smoothed_log_price_per_m2":17.7975,"confidence":1.0}},{"type":"Feature","geometry":{"type":"Point","coordinates":[106.58267639021803,10.865926993630945]},"properties":{"property_type":"land","smoothed_log_price_per_m2":16.6882,"confidence":1.0}},{"type":"Feature","geometry":{"type":"Point","coordinates":[106.74205393695469,10.793832887250488]},"properties":{"property_type":"house","smoothed_log_price_per_m2":19.2217,"confidence":0.733}},{"type":"Feature","geometry":{"type":"Point","coordinates":[106.68519055435442,10.768827041548626]},"properties":{"property_type":"house","smoothed_log_price_per_m2":19.7993,"confidence":0.6}},{"type":"Feature","geometry":{"type":"Point","coordinates":[106.70501463875651,10.743236358339876]},"properties":{"property_type":"house","smoothed_log_price_per_m2":18.9872,"confidence":0.4}},{"type":"Feature","geometry":{"type":"Point","coordinates":[106.69972355520655,10.736006872567526]},"properties":{"property_type":"house","smoothed_log_price_per_m2":18.9957,"confidence":0.4}},{"type":"Feature","geometry":{"type":"Point","coordinates":[106.70469920884118,10.782309068109571]},"properties":{"property_type":"house","smoothed_log_price_per_m2":19.4217,"confidence":0.333}},{"type":"Feature","geometry":{"type":"Point","coordinates":[106.73707390685635,10.747537144087907]},"properties":{"property_type":"house","smoothed_log_price_per_m2":18.6384,"confidence":0.333}},{"type":"Feature","geometry":{"type":"Point","coordinates":[106.68321457344868,10.792467203867181]},"properties":{"property_type":"house","smoothed_log_price_per_m2":19.0716,"confidence":1.0}},{"type":"Feature","geometry":{"type":"Point","coordinates":[106.67792244556759,10.785237823794287]},"properties":{"property_type":"house","smoothed_log_price_per_m2":19.1948,"confidence":0.267}},{"type":"Feature","geometry":{"type":"Point","coordinates":[106.72254760896375,10.780355558794556]},"properties":{"property_type":"house","smoothed_log_price_per_m2":19.0963,"confidence":0.2}},{"type":"Feature","geometry":{"type":"Point","coordinates":[106.65311940189382,10.764522413670466]},"properties":{"property_type":"house","smoothed_log_price_per_m2":18.9383,"confidence":0.8}},{"type":"Feature","geometry":{"type":"Point","coordinates":[106.63889971498004,10.758265600881783]},"properties":{"property_type":"house","smoothed_log_price_per_m2":19.0248,"confidence":0.8}},{"type":"Feature","geometry":{"type":"Point","coordinates":[106.65675455349816,10.75631677846416]},"properties":{"property_type":"house","smoothed_log_price_per_m2":19.0456,"confidence":0.333}},{"type":"Feature","geometry":{"type":"Point","coordinates":[106.62402854332652,10.83017162132234]},"properties":{"property_type":"house","smoothed_log_price_per_m2":18.2597,"confidence":0.8}},{"type":"Feature","geometry":{"type":"Point","coordinates":[106.62435396968225,10.791089894462651]},"properties":{"property_type":"house","smoothed_log_price_per_m2":18.7013,"confidence":0.2}},{"type":"Feature","geometry":{"type":"Point","coordinates":[106.66504047981726,10.8334960723768]},"properties":{"property_type":"house","smoothed_log_price_per_m2":18.7354,"confidence":0.733}},{"type":"Feature","geometry":{"type":"Point","coordinates":[106.65942638737283,10.865343620769176]},"properties":{"property_type":"house","smoothed_log_price_per_m2":18.2616,"confidence":1.0}},{"type":"Feature","geometry":{"type":"Point","coordinates":[106.66306237277918,10.857137303225626]},"properties":{"property_type":"house","smoothed_log_price_per_m2":18.2663,"confidence":1.0}},{"type":"Feature","geometry":{"type":"Point","coordinates":[106.70698844727897,10.719597492765557]},"properties":{"property_type":"house","smoothed_log_price_per_m2":18.8366,"confidence":0.2}},{"type":"Feature","geometry":{"type":"Point","coordinates":[106.67097291164231,10.762572520820857]},"properties":{"property_type":"house","smoothed_log_price_per_m2":19.204,"confidence":0.2}},{"type":"Feature","geometry":{"type":"Point","coordinates":[106.65279755075848,10.803601095119618]},"properties":{"property_type":"house","smoothed_log_price_per_m2":18.9021,"confidence":1.0}},{"type":"Feature","geometry":{"type":"Point","coordinates":[106.66931558536565,10.747136680094393]},"properties":{"property_type":"house","smoothed_log_price_per_m2":19.1335,"confidence":0.333}},{"type":"Feature","geometry":{"type":"Point","coordinates":[106.71362368669595,10.781332413931377]},"properties":{"property_type":"house","smoothed_log_price_per_m2":19.2773,"confidence":0.2}},{"type":"Feature","geometry":{"type":"Point","coordinates":[106.6706532645357,10.801649066586402]},"properties":{"property_type":"house","smoothed_log_price_per_m2":18.8523,"confidence":1.0}},{"type":"Feature","geometry":{"type":"Point","coordinates":[106.7086470446572,10.735031626165428]},"properties":{"property_type":"house","smoothed_log_price_per_m2":18.8218,"confidence":0.467}},{"type":"Feature","geometry":{"type":"Point","coordinates":[106.6653608507836,10.794419370186688]},"properties":{"property_type":"house","smoothed_log_price_per_m2":18.8765,"confidence":0.6}},{"type":"Feature","geometry":{"type":"Point","coordinates":[106.67728474269738,10.863387853947824]},"properties":{"property_type":"house","smoothed_log_price_per_m2":18.3269,"confidence":1.0}},{"type":"Feature","geometry":{"type":"Point","coordinates":[106.65049637921189,10.866321199076106]},"properties":{"property_type":"house","smoothed_log_price_per_m2":18.2824,"confidence":0.8}},{"type":"Feature","geometry":{"type":"Point","coordinates":[106.70999099913438,10.789537443307674]},"properties":{"property_type":"house","smoothed_log_price_per_m2":19.2146,"confidence":0.2}},{"type":"Feature","geometry":{"type":"Point","coordinates":[106.68155663399143,10.777032374886385]},"properties":{"property_type":"house","smoothed_log_price_per_m2":19.6064,"confidence":0.533}},{"type":"Feature","geometry":{"type":"Point","coordinates":[106.76882001149181,10.790898500961948]},"properties":{"property_type":"house","smoothed_log_price_per_m2":18.8189,"confidence":0.333}},{"type":"Feature","geometry":{"type":"Point","coordinates":[106.64685968382129,10.874527759342861]},"properties":{"property_type":"house","smoothed_log_price_per_m2":18.3428,"confidence":0.733}},{"type":"Feature","geometry":{"type":"Point","coordinates":[106.64916167458294,10.811807153300256]},"properties":{"property_type":"house","smoothed_log_price_per_m2":18.8401,"confidence":0.933}},{"type":"Feature","geometry":{"type":"Point","coordinates":[106.677603633141,10.824313153797199]},"properties":{"property_type":"house","smoothed_log_price_per_m2":18.6692,"confidence":0.667}},{"type":"Feature","geometry":{"type":"Point","coordinates":[106.67926166769061,10.83974761820008]},"properties":{"property_type":"house","smoothed_log_price_per_m2":18.5042,"confidence":0.6}},{"type":"Feature","geometry":{"type":"Point","coordinates":[106.5959075482811,10.778573805206994]},"properties":{"property_type":"house","smoothed_log_price_per_m2":18.1755,"confidence":0.533}},{"type":"Feature","geometry":{"type":"Point","coordinates":[106.6293219852391,10.837402245641456]},"properties":{"property_type":"house","smoothed_log_price_per_m2":18.2584,"confidence":0.8}},{"type":"Feature","geometry":{"type":"Point","coordinates":[106.66370357128608,10.778983605484866]},"properties":{"property_type":"house","smoothed_log_price_per_m2":19.0481,"confidence":0.2}},{"type":"Feature","geometry":{"type":"Point","coordinates":[106.62766583843,10.82196507327531]},"properties":{"property_type":"house","smoothed_log_price_per_m2":18.4066,"confidence":0.467}},{"type":"Feature","geometry":{"type":"Point","coordinates":[106.74371423042311,10.809264252167923]},"properties":{"property_type":"house","smoothed_log_price_per_m2":19.3667,"confidence":0.667}},{"type":"Feature","geometry":{"type":"Point","coordinates":[106.6296467659017,10.79832128114571]},"properties":{"property_type":"house","smoothed_log_price_per_m2":18.7095,"confidence":0.2}},{"type":"Feature","geometry":{"type":"Point","coordinates":[106.67958029090921,10.800672749490198]},"properties":{"property_type":"house","smoothed_log_price_per_m2":18.9377,"confidence":1.0}},{"type":"Feature","geometry":{"type":"Point","coordinates":[106.69379901442286,10.806924903763878]},"properties":{"property_type":"house","smoothed_log_price_per_m2":18.9441,"confidence":0.467}},{"type":"Feature","geometry":{"type":"Point","coordinates":[106.7139380153457,10.742260777230374]},"properties":{"property_type":"house","smoothed_log_price_per_m2":18.7689,"confidence":0.2}},{"type":"Feature","geometry":{"type":"Point","coordinates":[106.64718233834155,10.83544956473767]},"properties":{"property_type":"house","smoothed_log_price_per_m2":18.4802,"confidence":0.2}},{"type":"Feature","geometry":{"type":"Point","coordinates":[106.60483833243062,10.777600036220537]},"properties":{"property_type":"house","smoothed_log_price_per_m2":18.1796,"confidence":0.533}},{"type":"Feature","geometry":{"type":"Point","coordinates":[106.67989883618225,10.761597272932468]},"properties":{"property_type":"house","smoothed_log_price_per_m2":19.349,"confidence":0.267}},{"type":"Feature","geometry":{"type":"Point","coordinates":[106.68487265456938,10.807901757603158]},"properties":{"property_type":"house","smoothed_log_price_per_m2":18.8833,"confidence":1.0}},{"type":"Feature","geometry":{"type":"Point","coordinates":[106.65509779310432,10.740880101749466]},"properties":{"property_type":"house","smoothed_log_price_per_m2":19.0617,"confidence":0.2}},{"type":"Feature","geometry":{"type":"Point","coordinates":[106.69048233425028,10.776056457774597]},"properties":{"property_type":"house","smoothed_log_price_per_m2":19.8011,"confidence":0.8}},{"type":"Feature","geometry":{"type":"Point","coordinates":[106.60318341359508,10.762160831026803]},"properties":{"property_type":"house","smoothed_log_price_per_m2":18.1476,"confidence":0.533}},{"type":"Feature","geometry":{"type":"Point","coordinates":[106.69214060350043,10.791490818381568]},"properties":{"property_type":"house","smoothed_log_price_per_m2":19.2259,"confidence":0.333}},{"type":"Feature","geometry":{"type":"Point","coordinates":[106.74734550896238,10.801059547905925]},"properties":{"property_type":"house","smoothed_log_price_per_m2":19.3641,"confidence":0.667}},{"type":"Feature","geometry":{"type":"Point","coordinates":[106.59954561481268,10.77036726091637]},"properties":{"property_type":"house","smoothed_log_price_per_m2":18.1755,"confidence":0.533}},{"type":"Feature","geometry":{"type":"Point","coordinates":[106.69443253311516,10.728777035414849]},"properties":{"property_type":"house","smoothed_log_price_per_m2":18.9896,"confidence":0.267}},{"type":"Feature","geometry":{"type":"Point","coordinates":[106.67428798908249,10.793443387838815]},"properties":{"property_type":"house","smoothed_log_price_per_m2":18.9438,"confidence":1.0}},{"type":"Feature","geometry":{"type":"Point","coordinates":[106.6739687202393,10.832519022174838]},"properties":{"property_type":"house","smoothed_log_price_per_m2":18.4973,"confidence":0.6}},{"type":"Feature","geometry":{"type":"Point","coordinates":[106.65477620960316,10.779958918752206]},"properties":{"property_type":"house","smoothed_log_price_per_m2":18.9131,"confidence":0.4}},{"type":"Feature","geometry":{"type":"Point","coordinates":[106.59425296040789,10.763134134864426]},"properties":{"property_type":"house","smoothed_log_price_per_m2":18.1263,"confidence":0.6}},{"type":"Feature","geometry":{"type":"Point","coordinates":[106.641565817895,10.867298573833667]},"properties":{"property_type":"house","smoothed_log_price_per_m2":18.3289,"confidence":0.733}},{"type":"Feature","geometry":{"type":"Point","coordinates":[106.61675314930292,10.846585053440725]},"properties":{"property_type":"house","smoothed_log_price_per_m2":18.2703,"confidence":0.4}},{"type":"Feature","geometry":{"type":"Point","coordinates":[106.5906147208812,10.771340696409672]},"properties":{"property_type":"house","smoothed_log_price_per_m2":18.1657,"confidence":0.533}},{"type":"Feature","geometry":{"type":"Point","coordinates":[106.70304051597236,10.76687527395918]},"properties":{"property_type":"house","smoothed_log_price_per_m2":19.5267,"confidence":0.4}},{"type":"Feature","geometry":{"type":"Point","coordinates":[106.64419181744913,10.765497058412578]},"properties":{"property_type":"house","smoothed_log_price_per_m2":18.9031,"confidence":0.867}},{"type":"Feature","geometry":{"type":"Point","coordinates":[106.66835584199542,10.864365839023028]},"properties":{"property_type":"house","smoothed_log_price_per_m2":18.2667,"confidence":1.0}},{"type":"Feature","geometry":{"type":"Point","coordinates":[106.63130286559499,10.813758637815017]},"properties":{"property_type":"house","smoothed_log_price_per_m2":18.5934,"confidence":0.333}},{"type":"Feature","geometry":{"type":"Point","coordinates":[106.6379286807762,10.875505265390437]},"properties":{"property_type":"house","smoothed_log_price_per_m2":18.3229,"confidence":0.667}},{"type":"Feature","geometry":{"type":"Point","coordinates":[106.65809024990153,10.8108311075447]},"properties":{"property_type":"house","smoothed_log_price_per_m2":18.8104,"confidence":1.0}},{"type":"Feature","geometry":{"type":"Point","coordinates":[106.69806528727882,10.720572269869638]},"properties":{"property_type":"house","smoothed_log_price_per_m2":18.9601,"confidence":0.267}},{"type":"Feature","geometry":{"type":"Point","coordinates":[106.62071686367113,10.799296253728853]},"properties":{"property_type":"house","smoothed_log_price_per_m2":18.635,"confidence":0.2}},{"type":"Feature","geometry":{"type":"Point","coordinates":[106.68289640660798,10.831541769438509]},"properties":{"property_type":"house","smoothed_log_price_per_m2":18.5351,"confidence":0.6}},{"type":"Feature","geometry":{"type":"Point","coordinates":[106.63857611611068,10.79734610639025]},"properties":{"property_type":"house","smoothed_log_price_per_m2":18.799,"confidence":0.267}},{"type":"Feature","geometry":{"type":"Point","coordinates":[106.66402405289959,10.739905856655097]},"properties":{"property_type":"house","smoothed_log_price_per_m2":19.0712,"confidence":0.2}},{"type":"Feature","geometry":{"type":"Point","coordinates":[106.61906123625266,10.78385815571764]},"properties":{"property_type":"house","smoothed_log_price_per_m2":18.6498,"confidence":0.2}},{"type":"Feature","geometry":{"type":"Point","coordinates":[106.68684858789555,10.784261773150808]},"properties":{"property_type":"house","smoothed_log_price_per_m2":19.4164,"confidence":0.533}},{"type":"Feature","geometry":{"type":"Point","coordinates":[106.63659596061832,10.820989300408016]},"properties":{"property_type":"house","smoothed_log_price_per_m2":18.5609,"confidence":0.4}},{"type":"Feature","geometry":{"type":"Point","coordinates":[106.67294975938914,10.738931411080278]},"properties":{"property_type":"house","smoothed_log_price_per_m2":19.087,"confidence":0.267}},{"type":"Feature","geometry":{"type":"Point","coordinates":[106.70833207067241,10.774104020474464]},"properties":{"property_type":"house","smoothed_log_price_per_m2":19.388,"confidence":0.333}},{"type":"Feature","geometry":{"type":"Point","coordinates":[106.65215361217844,10.881756589042878]},"properties":{"property_type":"house","smoothed_log_price_per_m2":18.2986,"confidence":0.533}},{"type":"Feature","geometry":{"type":"Point","coordinates":[106.75460726102344,10.784650486817862]},"properties":{"property_type":"house","smoothed_log_price_per_m2":18.8251,"confidence":0.333}},{"type":"Feature","geometry":{"type":"Point","coordinates":[106.65841145549483,10.77175318556459]},"properties":{"property_type":"house","smoothed_log_price_per_m2":18.9863,"confidence":0.4}},{"type":"Feature","geometry":{"type":"Point","coordinates":[106.70138196476594,10.751441208021308]},"properties":{"property_type":"house","smoothed_log_price_per_m2":19.1387,"confidence":0.2}},{"type":"Feature","geometry":{"type":"Point","coordinates":[106.61873516422469,10.822940643401271]},"properties":{"property_type":"house","smoothed_log_price_per_m2":18.4208,"confidence":0.467}},{"type":"Feature","geometry":{"type":"Point","coordinates":[106.65643315893394,10.795395150801038]},"properties":{"property_type":"house","smoothed_log_price_per_m2":18.8431,"confidence":1.0}},{"type":"Feature","geometry":{"type":"Point","coordinates":[106.66204643341888,10.763547567770045]},"properties":{"property_type":"house","smoothed_log_price_per_m2":19.0968,"confidence":0.333}},{"type":"Feature","geometry":{"type":"Point","coordinates":[106.64520268694883,10.859091993075706]},"properties":{"property_type":"house","smoothed_log_price_per_m2":18.2964,"confidence":0.8}},{"type":"Feature","geometry":{"type":"Point","coordinates":[106.66038943716663,10.748111259314532]},"properties":{"property_type":"house","smoothed_log_price_per_m2":19.0947,"confidence":0.333}},{"type":"Feature","geometry":{"type":"Point","coordinates":[106.71227918246849,10.726827011931176]},"properties":{"property_type":"house","smoothed_log_price_per_m2":18.7008,"confidence":0.267}},{"type":"Feature","geometry":{"type":"Point","coordinates":[106.67460717982293,10.754367152317304]},"properties":{"property_type":"house","smoothed_log_price_per_m2":19.217,"confidence":0.2}},{"type":"Feature","geometry":{"type":"Point","coordinates":[106.64055595642084,10.773702942050809]},"properties":{"property_type":"house","smoothed_log_price_per_m2":18.7808,"confidence":0.733}},{"type":"Feature","geometry":{"type":"Point","coordinates":[106.72649235753882,10.733080533671549]},"properties":{"property_type":"house","smoothed_log_price_per_m2":18.6168,"confidence":0.4}},{"type":"Feature","geometry":{"type":"Point","coordinates":[106.6508185768936,10.82724329943092]},"properties":{"property_type":"house","smoothed_log_price_per_m2":18.5819,"confidence":0.2}},{"type":"Feature","geometry":{"type":"Point","coordinates":[106.66701827192684,10.809854859603444]},"properties":{"property_type":"house","smoothed_log_price_per_m2":18.7947,"confidence":0.6}},{"type":"Feature","geometry":{"type":"Point","coordinates":[106.6362720144889,10.86006903290607]},"properties":{"property_type":"house","smoothed_log_price_per_m2":18.31,"confidence":0.2}},{"type":"Feature","geometry":{"type":"Point","coordinates":[106.63328343064745,10.790115053851123]},"properties":{"property_type":"house","smoothed_log_price_per_m2":18.7702,"confidence":0.267}},{"type":"Feature","geometry":{"type":"Point","coordinates":[106.74900603781593,10.816490538613005]},"properties":{"property_type":"house","smoothed_log_price_per_m2":19.3338,"confidence":0.667}},{"type":"Feature","geometry":{"type":"Point","coordinates":[106.75823773454641,10.776446130858155]},"properties":{"property_type":"house","smoothed_log_price_per_m2":18.703,"confidence":0.333}},{"type":"Feature","geometry":{"type":"Point","coordinates":[106.6633830112555,10.81806076645627]},"properties":{"property_type":"house","smoothed_log_price_per_m2":18.8073,"confidence":0.533}},{"type":"Feature","geometry":{"type":"Point","coordinates":[106.63263470380474,10.868275744931747]},"properties":{"property_type":"house","smoothed_log_price_per_m2":18.3109,"confidence":0.2}},{"type":"Feature","geometry":{"type":"Point","coordinates":[106.73479076224103,10.81024244935991]},"properties":{"property_type":"house","smoothed_log_price_per_m2":19.2332,"confidence":0.467}},{"type":"Feature","geometry":{"type":"Point","coordinates":[106.67594574027676,10.808878409586306]},"properties":{"property_type":"house","smoothed_log_price_per_m2":18.863,"confidence":1.0}},{"type":"Feature","geometry":{"type":"Point","coordinates":[106.63162737807991,10.774677518107865]},"properties":{"property_type":"house","smoothed_log_price_per_m2":18.8147,"confidence":0.333}},{"type":"Feature","geometry":{"type":"Point","coordinates":[106.73012361045768,10.724876189617978]},"properties":{"property_type":"house","smoothed_log_price_per_m2":18.6621,"confidence":0.4}},{"type":"Feature","geometry":{"type":"Point","coordinates":[106.75097651916231,10.792854959311502]},"properties":{"property_type":"house","smoothed_log_price_per_m2":19.0744,"confidence":0.8}},{"type":"Feature","geometry":{"type":"Point","coordinates":[106.67824118000574,10.746161900277357]},"properties":{"property_type":"house","smoothed_log_price_per_m2":19.1553,"confidence":0.2}},{"type":"Feature","geometry":{"type":"Point","coordinates":[106.73541418020801,10.73210468779889]},"properties":{"property_type":"house","smoothed_log_price_per_m2":18.6912,"confidence":0.333}},{"type":"Feature","geometry":{"type":"Point","coordinates":[106.63691982748705,10.7819089406749]},"properties":{"property_type":"house","smoothed_log_price_per_m2":18.7905,"confidence":0.467}},{"type":"Feature","geometry":{"type":"Point","coordinates":[106.62237263269061,10.814734076354677]},"properties":{"property_type":"house","smoothed_log_price_per_m2":18.535,"confidence":0.333}},{"type":"Feature","geometry":{"type":"Point","coordinates":[106.63724361512419,10.742827990059267]},"properties":{"property_type":"house","smoothed_log_price_per_m2":18.9406,"confidence":0.2}},{"type":"Feature","geometry":{"type":"Point","coordinates":[106.61542395694903,10.792064533018438]},"properties":{"property_type":"house","smoothed_log_price_per_m2":18.6229,"confidence":0.2}},{"type":"Feature","geometry":{"type":"Point","coordinates":[106.65776896570527,10.849908411985078]},"properties":{"property_type":"house","smoothed_log_price_per_m2":18.3438,"confidence":1.0}},{"type":"Feature","geometry":{"type":"Point","coordinates":[106.66867583473119,10.825290071463291]},"properties":{"property_type":"house","smoothed_log_price_per_m2":18.7028,"confidence":0.667}},{"type":"Feature","geometry":{"type":"Point","coordinates":[106.77774092085296,10.789919970771479]},"properties":{"property_type":"house","smoothed_log_price_per_m2":18.8259,"confidence":0.267}},{"type":"Feature","geometry":{"type":"Point","coordinates":[106.66172568435812,10.802625181832807]},"properties":{"property_type":"house","smoothed_log_price_per_m2":18.7825,"confidence":0.933}},{"type":"Feature","geometry":{"type":"Point","coordinates":[106.62204693797884,10.853815638565894]},"properties":{"property_type":"house","smoothed_log_price_per_m2":18.3247,"confidence":0.4}},{"type":"Feature","geometry":{"type":"Point","coordinates":[106.64782741057225,10.75729129019387]},"properties":{"property_type":"house","smoothed_log_price_per_m2":18.9851,"confidence":0.467}},{"type":"Feature","geometry":{"type":"Point","coordinates":[106.76352884283507,10.78367249317555]},"properties":{"property_type":"house","smoothed_log_price_per_m2":18.8028,"confidence":0.333}},{"type":"Feature","geometry":{"type":"Point","coordinates":[106.71756997889494,10.734056179830255]},"properties":{"property_type":"house","smoothed_log_price_per_m2":18.6461,"confidence":0.533}},{"type":"Feature","geometry":{"type":"Point","coordinates":[106.62831569770361,10.743801633055966]},"properties":{"property_type":"house","smoothed_log_price_per_m2":18.8408,"confidence":0.2}},{"type":"Feature","geometry":{"type":"Point","coordinates":[106.63097827369222,10.85283913695096]},"properties":{"property_type":"house","smoothed_log_price_per_m2":18.3085,"confidence":0.333}},{"type":"Feature","geometry":{"type":"Point","coordinates":[106.62039098028426,10.838378281522148]},"properties":{"property_type":"house","smoothed_log_price_per_m2":18.2396,"confidence":0.467}},{"type":"Feature","geometry":{"type":"Point","coordinates":[106.62568459559425,10.845608886359294]},"properties":{"property_type":"house","smoothed_log_price_per_m2":18.2842,"confidence":0.333}},{"type":"Feature","geometry":{"type":"Point","coordinates":[106.67562666061635,10.847953579673867]},"properties":{"property_type":"house","smoothed_log_price_per_m2":18.4159,"confidence":0.6}},{"type":"Feature","geometry":{"type":"Point","coordinates":[106.74039378521432,10.778401246084407]},"properties":{"property_type":"house","smoothed_log_price_per_m2":18.9231,"confidence":0.2}},{"type":"Feature","geometry":{"type":"Point","coordinates":[106.67199138538474,10.856159653426115]},"properties":{"property_type":"house","smoothed_log_price_per_m2":18.2905,"confidence":1.0}},{"type":"Feature","geometry":{"type":"Point","coordinates":[106.64386886411891,10.804576806337055]},"properties":{"property_type":"house","smoothed_log_price_per_m2":18.7953,"confidence":0.467}},{"type":"Feature","geometry":{"type":"Point","coordinates":[106.75626797706528,10.800081284152471]},"properties":{"property_type":"house","smoothed_log_price_per_m2":19.1882,"confidence":0.667}},{"type":"Feature","geometry":{"type":"Point","coordinates":[106.62997146710376,10.75923971041845]},"properties":{"property_type":"house","smoothed_log_price_per_m2":18.894,"confidence":0.267}},{"type":"Feature","geometry":{"type":"Point","coordinates":[106.63461548987318,10.844632515967431]},"properties":{"property_type":"house","smoothed_log_price_per_m2":18.3458,"confidence":0.333}},{"type":"Feature","geometry":{"type":"Point","coordinates":[106.75263714162584,10.808285853663882]},"properties":{"property_type":"house","smoothed_log_price_per_m2":19.3555,"confidence":0.667}},{"type":"Feature","geometry":{"type":"Point","coordinates":[106.72286083646917,10.741284996071661]},"properties":{"property_type":"house","smoothed_log_price_per_m2":18.6317,"confidence":0.533}},{"type":"Feature","geometry":{"type":"Point","coordinates":[106.66669809005879,10.848931097322831]},"properties":{"property_type":"house","smoothed_log_price_per_m2":18.3633,"confidence":1.0}},{"type":"Feature","geometry":{"type":"Point","coordinates":[106.635263680467,10.766471501886869]},"properties":{"property_type":"house","smoothed_log_price_per_m2":18.9337,"confidence":0.733}},{"type":"Feature","geometry":{"type":"Point","coordinates":[106.67033353921202,10.840725003494633]},"properties":{"property_type":"house","smoothed_log_price_per_m2":18.561,"confidence":0.733}},{"type":"Feature","geometry":{"type":"Point","coordinates":[106.6458482948761,10.780934030518756]},"properties":{"property_type":"house","smoothed_log_price_per_m2":18.8108,"confidence":0.533}},{"type":"Feature","geometry":{"type":"Point","coordinates":[106.62799080781842,10.782883649111048]},"properties":{"property_type":"house","smoothed_log_price_per_m2":18.7373,"confidence":0.2}},{"type":"Feature","geometry":{"type":"Point","coordinates":[106.64948398235325,10.772728164499867]},"properties":{"property_type":"house","smoothed_log_price_per_m2":18.864,"confidence":0.867}},{"type":"Feature","geometry":{"type":"Point","coordinates":[106.77244986690346,10.782694299008396]},"properties":{"property_type":"house","smoothed_log_price_per_m2":18.8148,"confidence":0.267}},{"type":"Feature","geometry":{"type":"Point","coordinates":[106.6511406957435,10.788164766899277]},"properties":{"property_type":"house","smoothed_log_price_per_m2":18.853,"confidence":0.2}},{"type":"Feature","geometry":{"type":"Point","coordinates":[106.73842248375225,10.8020376105731]},"properties":{"property_type":"house","smoothed_log_price_per_m2":19.3421,"confidence":0.667}},{"type":"Feature","geometry":{"type":"Point","coordinates":[106.73178310174598,10.740309014973334]},"properties":{"property_type":"house","smoothed_log_price_per_m2":18.6505,"confidence":0.4}},{"type":"Feature","geometry":{"type":"Point","coordinates":[106.65579013383939,10.873550049519578]},"properties":{"property_type":"house","smoothed_log_price_per_m2":18.3015,"confidence":0.667}},{"type":"Feature","geometry":{"type":"Point","coordinates":[106.63295910691369,10.829195716846375]},"properties":{"property_type":"house","smoothed_log_price_per_m2":18.2881,"confidence":0.533}},{"type":"Feature","geometry":{"type":"Point","coordinates":[106.64750491391555,10.79637072957213]},"properties":{"property_type":"house","smoothed_log_price_per_m2":18.8355,"confidence":0.467}},{"type":"Feature","geometry":{"type":"Point","coordinates":[106.76715887316665,10.775468272576289]},"properties":{"property_type":"house","smoothed_log_price_per_m2":18.7501,"confidence":0.267}},{"type":"Feature","geometry":{"type":"Point","coordinates":[106.66472003044798,10.872572136030756]},"properties":{"property_type":"house","smoothed_log_price_per_m2":18.273,"confidence":1.0}},{"type":"Feature","geometry":{"type":"Point","coordinates":[106.72783917293336,10.787583263495883]},"properties":{"property_type":"house","smoothed_log_price_per_m2":19.0566,"confidence":0.267}},{"type":"Feature","geometry":{"type":"Point","coordinates":[106.60847595811987,10.769393623608028]},"properties":{"property_type":"house","smoothed_log_price_per_m2":18.1727,"confidence":0.533}},{"type":"Feature","geometry":{"type":"Point","coordinates":[106.71528285072813,10.796765464804203]},"properties":{"property_type":"house","smoothed_log_price_per_m2":19.0798,"confidence":0.267}},{"type":"Feature","geometry":{"type":"Point","coordinates":[106.72420710235676,10.795788140106819]},"properties":{"property_type":"house","smoothed_log_price_per_m2":19.0802,"confidence":0.267}},{"type":"Feature","geometry":{"type":"Point","coordinates":[106.61509742785148,10.831147322830672]},"properties":{"property_type":"house","smoothed_log_price_per_m2":18.2658,"confidence":0.467}},{"type":"Feature","geometry":{"type":"Point","coordinates":[106.64253548161932,10.750059815526281]},"properties":{"property_type":"house","smoothed_log_price_per_m2":19.0161,"confidence":0.267}},{"type":"Feature","geometry":{"type":"Point","coordinates":[106.74070481079538,10.739332834045031]},"properties":{"property_type":"house","smoothed_log_price_per_m2":18.7243,"confidence":0.333}},{"type":"Feature","geometry":{"type":"Point","coordinates":[106.69940747993773,10.775080339600711]},"properties":{"property_type":"house","smoothed_log_price_per_m2":19.6496,"confidence":0.733}},{"type":"Feature","geometry":{"type":"Point","coordinates":[106.71891536395383,10.788560453939079]},"properties":{"property_type":"house","smoothed_log_price_per_m2":19.1189,"confidence":0.267}},{"type":"Feature","geometry":{"type":"Point","coordinates":[106.63360767503514,10.751033792299033]},"properties":{"property_type":"house","smoothed_log_price_per_m2":18.9293,"confidence":0.2}},{"type":"Feature","geometry":{"type":"Point","coordinates":[106.75989854413481,10.791876830511978]},"properties":{"property_type":"house","smoothed_log_price_per_m2":18.8646,"confidence":0.4}},{"type":"Feature","geometry":{"type":"Point","coordinates":[106.69411581251327,10.76785125817201]},"properties":{"property_type":"house","smoothed_log_price_per_m2":19.7259,"confidence":0.867}},{"type":"Feature","geometry":{"type":"Point","coordinates":[106.66568114337569,10.75534206580214]},"properties":{"property_type":"house","smoothed_log_price_per_m2":19.1502,"confidence":0.2}},{"type":"Feature","geometry":{"type":"Point","coordinates":[106.70335613527185,10.72780212358145]},"properties":{"property_type":"house","smoothed_log_price_per_m2":18.9081,"confidence":0.267}},{"type":"Feature","geometry":{"type":"Point","coordinates":[106.72815175510198,10.748513460264364]},"properties":{"property_type":"house","smoothed_log_price_per_m2":18.6875,"confidence":0.333}},{"type":"Feature","geometry":{"type":"Point","coordinates":[106.68850676309685,10.799696230654021]},"properties":{"property_type":"house","smoothed_log_price_per_m2":18.9223,"confidence":1.0}},{"type":"Feature","geometry":{"type":"Point","coordinates":[106.6957741757806,10.78328552121931]},"properties":{"property_type":"house","smoothed_log_price_per_m2":19.6598,"confidence":0.8}},{"type":"Feature","geometry":{"type":"Point","coordinates":[106.65413280650642,10.858114749812195]},"properties":{"property_type":"house","smoothed_log_price_per_m2":18.277,"confidence":1.0}},{"type":"Feature","geometry":{"type":"Point","coordinates":[106.74205393695469,10.793832887250488]},"properties":{"property_type":"apartment","smoothed_log_price_per_m2":17.9273,"confidence":0.467}},{"type":"Feature","geometry":{"type":"Point","coordinates":[106.68519055435442,10.768827041548626]},"properties":{"property_type":"apartment","smoothed_log_price_per_m2":17.9557,"confidence":0.667}},{"type":"Feature","geometry":{"type":"Point","coordinates":[106.70501463875651,10.743236358339876]},"properties":{"property_type":"apartment","smoothed_log_price_per_m2":17.9583,"confidence":0.667}},{"type":"Feature","geometry":{"type":"Point","coordinates":[106.7133092811432,10.820403461150281]},"properties":{"property_type":"apartment","smoothed_log_price_per_m2":18.4531,"confidence":1.0}},{"type":"Feature","geometry":{"type":"Point","coordinates":[106.69972355520655,10.736006872567526]},"properties":{"property_type":"apartment","smoothed_log_price_per_m2":17.9478,"confidence":0.667}},{"type":"Feature","geometry":{"type":"Point","coordinates":[106.70469920884118,10.782309068109571]},"properties":{"property_type":"apartment","smoothed_log_price_per_m2":17.8961,"confidence":0.267}},{"type":"Feature","geometry":{"type":"Point","coordinates":[106.69545756703292,10.822358711650251]},"properties":{"property_type":"apartment","smoothed_log_price_per_m2":18.2845,"confidence":1.0}},{"type":"Feature","geometry":{"type":"Point","coordinates":[106.58366784159443,10.748666832084893]},"properties":{"property_type":"apartment","smoothed_log_price_per_m2":17.4238,"confidence":0.333}},{"type":"Feature","geometry":{"type":"Point","coordinates":[106.73707390685635,10.747537144087907]},"properties":{"property_type":"apartment","smoothed_log_price_per_m2":17.9681,"confidence":0.267}},{"type":"Feature","geometry":{"type":"Point","coordinates":[106.7324071257412,10.662168422199358]},"properties":{"property_type":"apartment","smoothed_log_price_per_m2":17.9486,"confidence":0.467}},{"type":"Feature","geometry":{"type":"Point","coordinates":[106.68321457344868,10.792467203867181]},"properties":{"property_type":"apartment","smoothed_log_price_per_m2":17.7987,"confidence":0.733}},{"type":"Feature","geometry":{"type":"Point","coordinates":[106.67792244556759,10.785237823794287]},"properties":{"property_type":"apartment","smoothed_log_price_per_m2":17.8421,"confidence":0.2}},{"type":"Feature","geometry":{"type":"Point","coordinates":[106.72254760896375,10.780355558794556]},"properties":{"property_type":"apartment","smoothed_log_price_per_m2":17.8936,"confidence":0.2}},{"type":"Feature","geometry":{"type":"Point","coordinates":[106.65311940189382,10.764522413670466]},"properties":{"property_type":"apartment","smoothed_log_price_per_m2":17.8413,"confidence":1.0}},{"type":"Feature","geometry":{"type":"Point","coordinates":[106.7337545952263,10.71667196434401]},"properties":{"property_type":"apartment","smoothed_log_price_per_m2":18.1419,"confidence":0.4}},{"type":"Feature","geometry":{"type":"Point","coordinates":[106.73313079789258,10.794810614218925]},"properties":{"property_type":"apartment","smoothed_log_price_per_m2":17.8805,"confidence":0.333}},{"type":"Feature","geometry":{"type":"Point","coordinates":[106.63889971498004,10.758265600881783]},"properties":{"property_type":"apartment","smoothed_log_price_per_m2":17.7794,"confidence":0.933}},{"type":"Feature","geometry":{"type":"Point","coordinates":[106.65675455349816,10.75631677846416]},"properties":{"property_type":"apartment","smoothed_log_price_per_m2":17.7805,"confidence":0.333}},{"type":"Feature","geometry":{"type":"Point","coordinates":[106.72711767165875,10.654938444294691]},"properties":{"property_type":"apartment","smoothed_log_price_per_m2":17.9137,"confidence":0.467}},{"type":"Feature","geometry":{"type":"Point","coordinates":[106.62435396968225,10.791089894462651]},"properties":{"property_type":"apartment","smoothed_log_price_per_m2":17.7504,"confidence":1.0}},{"type":"Feature","geometry":{"type":"Point","coordinates":[106.66504047981726,10.8334960723768]},"properties":{"property_type":"apartment","smoothed_log_price_per_m2":17.7658,"confidence":0.933}},{"type":"Feature","geometry":{"type":"Point","coordinates":[106.65942638737283,10.865343620769176]},"properties":{"property_type":"apartment","smoothed_log_price_per_m2":17.4849,"confidence":0.733}},{"type":"Feature","geometry":{"type":"Point","coordinates":[106.66733837546349,10.770778005354552]},"properties":{"property_type":"apartment","smoothed_log_price_per_m2":17.8482,"confidence":1.0}},{"type":"Feature","geometry":{"type":"Point","coordinates":[106.66306237277918,10.857137303225626]},"properties":{"property_type":"apartment","smoothed_log_price_per_m2":17.4849,"confidence":0.733}},{"type":"Feature","geometry":{"type":"Point","coordinates":[106.70698844727897,10.719597492765557]},"properties":{"property_type":"apartment","smoothed_log_price_per_m2":17.9422,"confidence":0.6}},{"type":"Feature","geometry":{"type":"Point","coordinates":[106.67097291164231,10.762572520820857]},"properties":{"property_type":"apartment","smoothed_log_price_per_m2":17.8273,"confidence":0.333}},{"type":"Feature","geometry":{"type":"Point","coordinates":[106.65279755075848,10.803601095119618]},"properties":{"property_type":"apartment","smoothed_log_price_per_m2":17.831,"confidence":1.0}},{"type":"Feature","geometry":{"type":"Point","coordinates":[106.66931558536565,10.747136680094393]},"properties":{"property_type":"apartment","smoothed_log_price_per_m2":17.6313,"confidence":0.867}},{"type":"Feature","geometry":{"type":"Point","coordinates":[106.72949890181559,10.803015472043949]},"properties":{"property_type":"apartment","smoothed_log_price_per_m2":17.9454,"confidence":0.333}},{"type":"Feature","geometry":{"type":"Point","coordinates":[106.71362368669595,10.781332413931377]},"properties":{"property_type":"apartment","smoothed_log_price_per_m2":17.9013,"confidence":0.2}},{"type":"Feature","geometry":{"type":"Point","coordinates":[106.6706532645357,10.801649066586402]},"properties":{"property_type":"apartment","smoothed_log_price_per_m2":17.8272,"confidence":1.0}},{"type":"Feature","geometry":{"type":"Point","coordinates":[106.7086470446572,10.735031626165428]},"properties":{"property_type":"apartment","smoothed_log_price_per_m2":17.9126,"confidence":0.667}},{"type":"Feature","geometry":{"type":"Point","coordinates":[106.6653608507836,10.794419370186688]},"properties":{"property_type":"apartment","smoothed_log_price_per_m2":17.8082,"confidence":1.0}},{"type":"Feature","geometry":{"type":"Point","coordinates":[106.67728474269738,10.863387853947824]},"properties":{"property_type":"apartment","smoothed_log_price_per_m2":17.6127,"confidence":0.733}},{"type":"Feature","geometry":{"type":"Point","coordinates":[106.73074801359749,10.64673475994106]},"properties":{"property_type":"apartment","smoothed_log_price_per_m2":17.8963,"confidence":0.467}},{"type":"Feature","geometry":{"type":"Point","coordinates":[106.70999099913438,10.789537443307674]},"properties":{"property_type":"apartment","smoothed_log_price_per_m2":17.8887,"confidence":0.267}},{"type":"Feature","geometry":{"type":"Point","coordinates":[106.68155663399143,10.777032374886385]},"properties":{"property_type":"apartment","smoothed_log_price_per_m2":17.867,"confidence":0.333}},{"type":"Feature","geometry":{"type":"Point","coordinates":[106.76882001149181,10.790898500961948]},"properties":{"property_type":"apartment","smoothed_log_price_per_m2":17.9487,"confidence":0.2}},{"type":"Feature","geometry":{"type":"Point","coordinates":[106.677603633141,10.824313153797199]},"properties":{"property_type":"apartment","smoothed_log_price_per_m2":17.826,"confidence":0.933}},{"type":"Feature","geometry":{"type":"Point","coordinates":[106.67926166769061,10.83974761820008]},"properties":{"property_type":"apartment","smoothed_log_price_per_m2":17.7437,"confidence":0.867}},{"type":"Feature","geometry":{"type":"Point","coordinates":[106.64916167458294,10.811807153300256]},"properties":{"property_type":"apartment","smoothed_log_price_per_m2":17.8053,"confidence":0.933}},{"type":"Feature","geometry":{"type":"Point","coordinates":[106.5959075482811,10.778573805206994]},"properties":{"property_type":"apartment","smoothed_log_price_per_m2":17.531,"confidence":0.8}},{"type":"Feature","geometry":{"type":"Point","coordinates":[106.58002925627702,10.75687342738164]},"properties":{"property_type":"apartment","smoothed_log_price_per_m2":17.3855,"confidence":0.333}},{"type":"Feature","geometry":{"type":"Point","coordinates":[106.66765840069745,10.731700570919326]},"properties":{"property_type":"apartment","smoothed_log_price_per_m2":17.6127,"confidence":0.733}},{"type":"Feature","geometry":{"type":"Point","coordinates":[106.59789093221694,10.754927687950357]},"properties":{"property_type":"apartment","smoothed_log_price_per_m2":17.3399,"confidence":0.333}},{"type":"Feature","geometry":{"type":"Point","coordinates":[106.66370357128608,10.778983605484866]},"properties":{"property_type":"apartment","smoothed_log_price_per_m2":17.8447,"confidence":1.0}},{"type":"Feature","geometry":{"type":"Point","coordinates":[106.62766583843,10.82196507327531]},"properties":{"property_type":"apartment","smoothed_log_price_per_m2":17.6974,"confidence":0.4}},{"type":"Feature","geometry":{"type":"Point","coordinates":[106.64451469177659,10.726416734953144]},"properties":{"property_type":"apartment","smoothed_log_price_per_m2":17.6534,"confidence":0.4}},{"type":"Feature","geometry":{"type":"Point","coordinates":[106.74371423042311,10.809264252167923]},"properties":{"property_type":"apartment","smoothed_log_price_per_m2":18.0045,"confidence":0.467}},{"type":"Feature","geometry":{"type":"Point","coordinates":[106.6296467659017,10.79832128114571]},"properties":{"property_type":"apartment","smoothed_log_price_per_m2":17.7263,"confidence":1.0}},{"type":"Feature","geometry":{"type":"Point","coordinates":[106.67958029090921,10.800672749490198]},"properties":{"property_type":"apartment","smoothed_log_price_per_m2":17.8698,"confidence":0.733}},{"type":"Feature","geometry":{"type":"Point","coordinates":[106.66899574917836,10.786213673040004]},"properties":{"property_type":"apartment","smoothed_log_price_per_m2":17.8294,"confidence":0.8}},{"type":"Feature","geometry":{"type":"Point","coordinates":[106.69379901442286,10.806924903763878]},"properties":{"property_type":"apartment","smoothed_log_price_per_m2":17.9657,"confidence":0.4}},{"type":"Feature","geometry":{"type":"Point","coordinates":[106.60483833243062,10.777600036220537]},"properties":{"property_type":"apartment","smoothed_log_price_per_m2":17.5378,"confidence":0.8}},{"type":"Feature","geometry":{"type":"Point","coordinates":[106.67989883618225,10.761597272932468]},"properties":{"property_type":"apartment","smoothed_log_price_per_m2":17.8836,"confidence":0.333}},{"type":"Feature","geometry":{"type":"Point","coordinates":[106.68487265456938,10.807901757603158]},"properties":{"property_type":"apartment","smoothed_log_price_per_m2":17.7905,"confidence":0.6}},{"type":"Feature","geometry":{"type":"Point","coordinates":[106.65509779310432,10.740880101749466]},"properties":{"property_type":"apartment","smoothed_log_price_per_m2":17.6153,"confidence":0.733}},{"type":"Feature","geometry":{"type":"Point","coordinates":[106.69048233425028,10.776056457774597]},"properties":{"property_type":"apartment","smoothed_log_price_per_m2":17.9035,"confidence":0.267}},{"type":"Feature","geometry":{"type":"Point","coordinates":[106.70075011565785,10.829586656802856]},"properties":{"property_type":"apartment","smoothed_log_price_per_m2":18.5335,"confidence":0.933}},{"type":"Feature","geometry":{"type":"Point","coordinates":[106.60318341359508,10.762160831026803]},"properties":{"property_type":"apartment","smoothed_log_price_per_m2":17.4619,"confidence":0.8}},{"type":"Feature","geometry":{"type":"Point","coordinates":[106.71290798797965,10.64868127762729]},"properties":{"property_type":"apartment","smoothed_log_price_per_m2":17.8675,"confidence":0.467}},{"type":"Feature","geometry":{"type":"Point","coordinates":[106.74267553258844,10.71569638953196]},"properties":{"property_type":"apartment","smoothed_log_price_per_m2":18.1498,"confidence":0.333}},{"type":"Feature","geometry":{"type":"Point","coordinates":[106.58896036930543,10.755900658456605]},"properties":{"property_type":"apartment","smoothed_log_price_per_m2":17.3363,"confidence":0.333}},{"type":"Feature","geometry":{"type":"Point","coordinates":[106.69214060350043,10.791490818381568]},"properties":{"property_type":"apartment","smoothed_log_price_per_m2":17.8447,"confidence":0.267}},{"type":"Feature","geometry":{"type":"Point","coordinates":[106.74734550896238,10.801059547905925]},"properties":{"property_type":"apartment","smoothed_log_price_per_m2":17.9487,"confidence":0.467}},{"type":"Feature","geometry":{"type":"Point","coordinates":[106.59954561481268,10.77036726091637]},"properties":{"property_type":"apartment","smoothed_log_price_per_m2":17.531,"confidence":0.8}},{"type":"Feature","geometry":{"type":"Point","coordinates":[106.69443253311516,10.728777035414849]},"properties":{"property_type":"apartment","smoothed_log_price_per_m2":17.9493,"confidence":0.6}},{"type":"Feature","geometry":{"type":"Point","coordinates":[106.67428798908249,10.793443387838815]},"properties":{"property_type":"apartment","smoothed_log_price_per_m2":17.8232,"confidence":0.733}},{"type":"Feature","geometry":{"type":"Point","coordinates":[106.6739687202393,10.832519022174838]},"properties":{"property_type":"apartment","smoothed_log_price_per_m2":17.7403,"confidence":0.867}},{"type":"Feature","geometry":{"type":"Point","coordinates":[106.65477620960316,10.779958918752206]},"properties":{"property_type":"apartment","smoothed_log_price_per_m2":17.8081,"confidence":1.0}},{"type":"Feature","geometry":{"type":"Point","coordinates":[106.59425296040789,10.763134134864426]},"properties":{"property_type":"apartment","smoothed_log_price_per_m2":17.4165,"confidence":1.0}},{"type":"Feature","geometry":{"type":"Point","coordinates":[106.64023254635327,10.812782996760289]},"properties":{"property_type":"apartment","smoothed_log_price_per_m2":17.7242,"confidence":0.267}},{"type":"Feature","geometry":{"type":"Point","coordinates":[106.62666006986409,10.728363288293718]},"properties":{"property_type":"apartment","smoothed_log_price_per_m2":17.5998,"confidence":0.267}},{"type":"Feature","geometry":{"type":"Point","coordinates":[106.71694215646221,10.812198239367396]},"properties":{"property_type":"apartment","smoothed_log_price_per_m2":18.169,"confidence":0.2}},{"type":"Feature","geometry":{"type":"Point","coordinates":[106.5906147208812,10.771340696409672]},"properties":{"property_type":"apartment","smoothed_log_price_per_m2":17.5053,"confidence":0.8}},{"type":"Feature","geometry":{"type":"Point","coordinates":[106.65873258251396,10.732674682390863]},"properties":{"property_type":"apartment","smoothed_log_price_per_m2":17.598,"confidence":0.733}},{"type":"Feature","geometry":{"type":"Point","coordinates":[106.70272481945563,10.805947848178372]},"properties":{"property_type":"apartment","smoothed_log_price_per_m2":18.0225,"confidence":0.2}},{"type":"Feature","geometry":{"type":"Point","coordinates":[106.70304051597236,10.76687527395918]},"properties":{"property_type":"apartment","smoothed_log_price_per_m2":17.9325,"confidence":0.733}},{"type":"Feature","geometry":{"type":"Point","coordinates":[106.64419181744913,10.765497058412578]},"properties":{"property_type":"apartment","smoothed_log_price_per_m2":17.819,"confidence":1.0}},{"type":"Feature","geometry":{"type":"Point","coordinates":[106.66835584199542,10.864365839023028]},"properties":{"property_type":"apartment","smoothed_log_price_per_m2":17.4849,"confidence":0.733}},{"type":"Feature","geometry":{"type":"Point","coordinates":[106.63130286559499,10.813758637815017]},"properties":{"property_type":"apartment","smoothed_log_price_per_m2":17.6851,"confidence":0.4}},{"type":"Feature","geometry":{"type":"Point","coordinates":[106.58598214383295,10.685931782367694]},"properties":{"property_type":"apartment","smoothed_log_price_per_m2":17.4,"confidence":0.6}},{"type":"Feature","geometry":{"type":"Point","coordinates":[106.64617098038516,10.741854146253981]},"properties":{"property_type":"apartment","smoothed_log_price_per_m2":17.6159,"confidence":0.533}},{"type":"Feature","geometry":{"type":"Point","coordinates":[106.59656515358888,10.70040133567453]},"properties":{"property_type":"apartment","smoothed_log_price_per_m2":17.4,"confidence":0.6}},{"type":"Feature","geometry":{"type":"Point","coordinates":[106.65809024990153,10.8108311075447]},"properties":{"property_type":"apartment","smoothed_log_price_per_m2":17.8251,"confidence":1.0}},{"type":"Feature","geometry":{"type":"Point","coordinates":[106.69806528727882,10.720572269869638]},"properties":{"property_type":"apartment","smoothed_log_price_per_m2":17.9357,"confidence":0.6}},{"type":"Feature","geometry":{"type":"Point","coordinates":[106.7096761375757,10.828608797123637]},"properties":{"property_type":"apartment","smoothed_log_price_per_m2":18.5619,"confidence":0.933}},{"type":"Feature","geometry":{"type":"Point","coordinates":[106.62071686367113,10.799296253728853]},"properties":{"property_type":"apartment","smoothed_log_price_per_m2":17.6767,"confidence":1.0}},{"type":"Feature","geometry":{"type":"Point","coordinates":[106.68289640660798,10.831541769438509]},"properties":{"property_type":"apartment","smoothed_log_price_per_m2":17.8002,"confidence":0.867}},{"type":"Feature","geometry":{"type":"Point","coordinates":[106.63857611611068,10.79734610639025]},"properties":{"property_type":"apartment","smoothed_log_price_per_m2":17.7547,"confidence":1.0}},{"type":"Feature","geometry":{"type":"Point","coordinates":[106.66402405289959,10.739905856655097]},"properties":{"property_type":"apartment","smoothed_log_price_per_m2":17.6137,"confidence":0.733}},{"type":"Feature","geometry":{"type":"Point","coordinates":[106.7066732838849,10.758670324728076]},"properties":{"property_type":"apartment","smoothed_log_price_per_m2":17.9261,"confidence":0.667}},{"type":"Feature","geometry":{"type":"Point","coordinates":[106.61906123625266,10.78385815571764]},"properties":{"property_type":"apartment","smoothed_log_price_per_m2":17.7056,"confidence":1.0}},{"type":"Feature","geometry":{"type":"Point","coordinates":[106.5912736170476,10.693166732783027]},"properties":{"property_type":"apartment","smoothed_log_price_per_m2":17.4,"confidence":0.6}},{"type":"Feature","geometry":{"type":"Point","coordinates":[106.68684858789555,10.784261773150808]},"properties":{"property_type":"apartment","smoothed_log_price_per_m2":17.8579,"confidence":0.467}},{"type":"Feature","geometry":{"type":"Point","coordinates":[106.67294975938914,10.738931411080278]},"properties":{"property_type":"apartment","smoothed_log_price_per_m2":17.6172,"confidence":0.733}},{"type":"Feature","geometry":{"type":"Point","coordinates":[106.70833207067241,10.774104020474464]},"properties":{"property_type":"apartment","smoothed_log_price_per_m2":17.9044,"confidence":0.4}},{"type":"Feature","geometry":{"type":"Point","coordinates":[106.72057476353322,10.80399313220844]},"properties":{"property_type":"apartment","smoothed_log_price_per_m2":17.9783,"confidence":0.333}},{"type":"Feature","geometry":{"type":"Point","coordinates":[106.66006849910968,10.787189320778232]},"properties":{"property_type":"apartment","smoothed_log_price_per_m2":17.83,"confidence":0.8}},{"type":"Feature","geometry":{"type":"Point","coordinates":[106.75460726102344,10.784650486817862]},"properties":{"property_type":"apartment","smoothed_log_price_per_m2":17.9352,"confidence":0.2}},{"type":"Feature","geometry":{"type":"Point","coordinates":[106.65841145549483,10.77175318556459]},"properties":{"property_type":"apartment","smoothed_log_price_per_m2":17.8878,"confidence":1.0}},{"type":"Feature","geometry":{"type":"Point","coordinates":[106.70138196476594,10.751441208021308]},"properties":{"property_type":"apartment","smoothed_log_price_per_m2":17.98,"confidence":0.533}},{"type":"Feature","geometry":{"type":"Point","coordinates":[106.65643315893394,10.795395150801038]},"properties":{"property_type":"apartment","smoothed_log_price_per_m2":17.8146,"confidence":1.0}},{"type":"Feature","geometry":{"type":"Point","coordinates":[106.74931603843548,10.77742378873084]},"properties":{"property_type":"apartment","smoothed_log_price_per_m2":17.9334,"confidence":0.267}},{"type":"Feature","geometry":{"type":"Point","coordinates":[106.66204643341888,10.763547567770045]},"properties":{"property_type":"apartment","smoothed_log_price_per_m2":17.8338,"confidence":1.0}},{"type":"Feature","geometry":{"type":"Point","coordinates":[106.66038943716663,10.748111259314532]},"properties":{"property_type":"apartment","smoothed_log_price_per_m2":17.6639,"confidence":0.933}},{"type":"Feature","geometry":{"type":"Point","coordinates":[106.71227918246849,10.726827011931176]},"properties":{"property_type":"apartment","smoothed_log_price_per_m2":17.9552,"confidence":0.6}},{"type":"Feature","geometry":{"type":"Point","coordinates":[106.5823443781253,10.694137843148802]},"properties":{"property_type":"apartment","smoothed_log_price_per_m2":17.4,"confidence":0.6}},{"type":"Feature","geometry":{"type":"Point","coordinates":[106.67460717982293,10.754367152317304]},"properties":{"property_type":"apartment","smoothed_log_price_per_m2":17.8146,"confidence":0.267}},{"type":"Feature","geometry":{"type":"Point","coordinates":[106.64055595642084,10.773702942050809]},"properties":{"property_type":"apartment","smoothed_log_price_per_m2":17.8122,"confidence":0.8}},{"type":"Feature","geometry":{"type":"Point","coordinates":[106.72649235753882,10.733080533671549]},"properties":{"property_type":"apartment","smoothed_log_price_per_m2":18.1361,"confidence":0.8}},{"type":"Feature","geometry":{"type":"Point","coordinates":[106.66701827192684,10.809854859603444]},"properties":{"property_type":"apartment","smoothed_log_price_per_m2":17.9021,"confidence":1.0}},{"type":"Feature","geometry":{"type":"Point","coordinates":[106.69245759089958,10.752416723317328]},"properties":{"property_type":"apartment","smoothed_log_price_per_m2":17.9382,"confidence":0.4}},{"type":"Feature","geometry":{"type":"Point","coordinates":[106.74630580650792,10.707492419305447]},"properties":{"property_type":"apartment","smoothed_log_price_per_m2":18.0935,"confidence":0.333}},{"type":"Feature","geometry":{"type":"Point","coordinates":[106.72545879477994,10.63950441908409]},"properties":{"property_type":"apartment","smoothed_log_price_per_m2":17.8733,"confidence":0.467}},{"type":"Feature","geometry":{"type":"Point","coordinates":[106.63328343064745,10.790115053851123]},"properties":{"property_type":"apartment","smoothed_log_price_per_m2":17.7485,"confidence":1.0}},{"type":"Feature","geometry":{"type":"Point","coordinates":[106.74900603781593,10.816490538613005]},"properties":{"property_type":"apartment","smoothed_log_price_per_m2":18.0129,"confidence":0.467}},{"type":"Feature","geometry":{"type":"Point","coordinates":[106.59623639115794,10.739487846379822]},"properties":{"property_type":"apartment","smoothed_log_price_per_m2":17.5212,"confidence":0.333}},{"type":"Feature","geometry":{"type":"Point","coordinates":[106.67231092155087,10.81708418372189]},"properties":{"property_type":"apartment","smoothed_log_price_per_m2":17.8405,"confidence":0.467}},{"type":"Feature","geometry":{"type":"Point","coordinates":[106.75823773454641,10.776446130858155]},"properties":{"property_type":"apartment","smoothed_log_price_per_m2":17.9461,"confidence":0.2}},{"type":"Feature","geometry":{"type":"Point","coordinates":[106.6633830112555,10.81806076645627]},"properties":{"property_type":"apartment","smoothed_log_price_per_m2":17.8409,"confidence":1.0}},{"type":"Feature","geometry":{"type":"Point","coordinates":[106.73479076224103,10.81024244935991]},"properties":{"property_type":"apartment","smoothed_log_price_per_m2":17.996,"confidence":0.333}},{"type":"Feature","geometry":{"type":"Point","coordinates":[106.67594574027676,10.808878409586306]},"properties":{"property_type":"apartment","smoothed_log_price_per_m2":17.8453,"confidence":1.0}},{"type":"Feature","geometry":{"type":"Point","coordinates":[106.63162737807991,10.774677518107865]},"properties":{"property_type":"apartment","smoothed_log_price_per_m2":17.773,"confidence":0.8}},{"type":"Feature","geometry":{"type":"Point","coordinates":[106.73012361045768,10.724876189617978]},"properties":{"property_type":"apartment","smoothed_log_price_per_m2":18.118,"confidence":1.0}},{"type":"Feature","geometry":{"type":"Point","coordinates":[106.6990913273375,10.814153222805908]},"properties":{"property_type":"apartment","smoothed_log_price_per_m2":18.1547,"confidence":0.2}},{"type":"Feature","geometry":{"type":"Point","coordinates":[106.75097651916231,10.792854959311502]},"properties":{"property_type":"apartment","smoothed_log_price_per_m2":17.9838,"confidence":0.6}},{"type":"Feature","geometry":{"type":"Point","coordinates":[106.67824118000574,10.746161900277357]},"properties":{"property_type":"apartment","smoothed_log_price_per_m2":17.7628,"confidence":0.533}},{"type":"Feature","geometry":{"type":"Point","coordinates":[106.69774902268502,10.759646174776456]},"properties":{"property_type":"apartment","smoothed_log_price_per_m2":18.073,"confidence":0.733}},{"type":"Feature","geometry":{"type":"Point","coordinates":[106.73541418020801,10.73210468779889]},"properties":{"property_type":"apartment","smoothed_log_price_per_m2":18.065,"confidence":0.733}},{"type":"Feature","geometry":{"type":"Point","coordinates":[106.63691982748705,10.7819089406749]},"properties":{"property_type":"apartment","smoothed_log_price_per_m2":17.7742,"confidence":1.0}},{"type":"Feature","geometry":{"type":"Point","coordinates":[106.73738531184522,10.708467858282654]},"properties":{"property_type":"apartment","smoothed_log_price_per_m2":18.1009,"confidence":0.333}},{"type":"Feature","geometry":{"type":"Point","coordinates":[106.62237263269061,10.814734076354677]},"properties":{"property_type":"apartment","smoothed_log_price_per_m2":17.6858,"confidence":0.4}},{"type":"Feature","geometry":{"type":"Point","coordinates":[106.63724361512419,10.742827990059267]},"properties":{"property_type":"apartment","smoothed_log_price_per_m2":17.5829,"confidence":0.6}},{"type":"Feature","geometry":{"type":"Point","coordinates":[106.72483310163358,10.717647339893285]},"properties":{"property_type":"apartment","smoothed_log_price_per_m2":18.1039,"confidence":0.4}},{"type":"Feature","geometry":{"type":"Point","coordinates":[106.61542395694903,10.792064533018438]},"properties":{"property_type":"apartment","smoothed_log_price_per_m2":17.693,"confidence":1.0}},{"type":"Feature","geometry":{"type":"Point","coordinates":[106.72348706169704,10.66314225051246]},"properties":{"property_type":"apartment","smoothed_log_price_per_m2":17.9315,"confidence":0.467}},{"type":"Feature","geometry":{"type":"Point","coordinates":[106.65776896570527,10.849908411985078]},"properties":{"property_type":"apartment","smoothed_log_price_per_m2":17.5938,"confidence":0.8}},{"type":"Feature","geometry":{"type":"Point","coordinates":[106.59491094234433,10.684960804563207]},"properties":{"property_type":"apartment","smoothed_log_price_per_m2":17.4,"confidence":0.6}},{"type":"Feature","geometry":{"type":"Point","coordinates":[106.58730615925732,10.740460351879602]},"properties":{"property_type":"apartment","smoothed_log_price_per_m2":17.4955,"confidence":0.333}},{"type":"Feature","geometry":{"type":"Point","coordinates":[106.66867583473119,10.825290071463291]},"properties":{"property_type":"apartment","smoothed_log_price_per_m2":17.8075,"confidence":1.0}},{"type":"Feature","geometry":{"type":"Point","coordinates":[106.66172568435812,10.802625181832807]},"properties":{"property_type":"apartment","smoothed_log_price_per_m2":17.7081,"confidence":1.0}},{"type":"Feature","geometry":{"type":"Point","coordinates":[106.64782741057225,10.75729129019387]},"properties":{"property_type":"apartment","smoothed_log_price_per_m2":17.7809,"confidence":0.267}},{"type":"Feature","geometry":{"type":"Point","coordinates":[106.688824206657,10.760621824214464]},"properties":{"property_type":"apartment","smoothed_log_price_per_m2":17.9536,"confidence":0.467}},{"type":"Feature","geometry":{"type":"Point","coordinates":[106.76352884283507,10.78367249317555]},"properties":{"property_type":"apartment","smoothed_log_price_per_m2":17.9425,"confidence":0.2}},{"type":"Feature","geometry":{"type":"Point","coordinates":[106.62831569770361,10.743801633055966]},"properties":{"property_type":"apartment","smoothed_log_price_per_m2":17.6442,"confidence":0.4}},{"type":"Feature","geometry":{"type":"Point","coordinates":[106.71756997889494,10.734056179830255]},"properties":{"property_type":"apartment","smoothed_log_price_per_m2":18.012,"confidence":0.667}},{"type":"Feature","geometry":{"type":"Point","coordinates":[106.70604272575923,10.83681424685397]},"properties":{"property_type":"apartment","smoothed_log_price_per_m2":18.5283,"confidence":0.867}},{"type":"Feature","geometry":{"type":"Point","coordinates":[106.71196466435033,10.765899089019834]},"properties":{"property_type":"apartment","smoothed_log_price_per_m2":17.9112,"confidence":0.333}},{"type":"Feature","geometry":{"type":"Point","coordinates":[106.71165006928618,10.804970590956575]},"properties":{"property_type":"apartment","smoothed_log_price_per_m2":18.0484,"confidence":0.467}},{"type":"Feature","geometry":{"type":"Point","coordinates":[106.67562666061635,10.847953579673867]},"properties":{"property_type":"apartment","smoothed_log_price_per_m2":17.7137,"confidence":0.867}},{"type":"Feature","geometry":{"type":"Point","coordinates":[106.728464260824,10.709443098222621]},"properties":{"property_type":"apartment","smoothed_log_price_per_m2":18.0934,"confidence":0.4}},{"type":"Feature","geometry":{"type":"Point","coordinates":[106.67199138538474,10.856159653426115]},"properties":{"property_type":"apartment","smoothed_log_price_per_m2":17.545,"confidence":0.733}},{"type":"Feature","geometry":{"type":"Point","coordinates":[106.64386886411891,10.804576806337055]},"properties":{"property_type":"apartment","smoothed_log_price_per_m2":17.7694,"confidence":0.467}},{"type":"Feature","geometry":{"type":"Point","coordinates":[106.75626797706528,10.800081284152471]},"properties":{"property_type":"apartment","smoothed_log_price_per_m2":17.9411,"confidence":0.467}},{"type":"Feature","geometry":{"type":"Point","coordinates":[106.62997146710376,10.75923971041845]},"properties":{"property_type":"apartment","smoothed_log_price_per_m2":17.7389,"confidence":0.2}},{"type":"Feature","geometry":{"type":"Point","coordinates":[106.60020230596713,10.69219542231785]},"properties":{"property_type":"apartment","smoothed_log_price_per_m2":17.4,"confidence":0.6}},{"type":"Feature","geometry":{"type":"Point","coordinates":[106.71860160391356,10.827630735350276]},"properties":{"property_type":"apartment","smoothed_log_price_per_m2":18.4803,"confidence":0.867}},{"type":"Feature","geometry":{"type":"Point","coordinates":[106.75263714162584,10.808285853663882]},"properties":{"property_type":"apartment","smoothed_log_price_per_m2":17.9854,"confidence":0.467}},{"type":"Feature","geometry":{"type":"Point","coordinates":[106.72286083646917,10.741284996071661]},"properties":{"property_type":"apartment","smoothed_log_price_per_m2":18.0088,"confidence":0.6}},{"type":"Feature","geometry":{"type":"Point","coordinates":[106.66669809005879,10.848931097322831]},"properties":{"property_type":"apartment","smoothed_log_price_per_m2":17.6374,"confidence":0.733}},{"type":"Feature","geometry":{"type":"Point","coordinates":[106.72586673746042,10.811220445129761]},"properties":{"property_type":"apartment","smoothed_log_price_per_m2":18.0729,"confidence":0.333}},{"type":"Feature","geometry":{"type":"Point","coordinates":[106.58763602416045,10.701372778723545]},"properties":{"property_type":"apartment","smoothed_log_price_per_m2":17.4,"confidence":0.6}},{"type":"Feature","geometry":{"type":"Point","coordinates":[106.74796581403638,10.72292456935142]},"properties":{"property_type":"apartment","smoothed_log_price_per_m2":18.1179,"confidence":0.267}},{"type":"Feature","geometry":{"type":"Point","coordinates":[106.73904499048865,10.723900479174093]},"properties":{"property_type":"apartment","smoothed_log_price_per_m2":18.1695,"confidence":0.533}},{"type":"Feature","geometry":{"type":"Point","coordinates":[106.635263680467,10.766471501886869]},"properties":{"property_type":"apartment","smoothed_log_price_per_m2":17.8297,"confidence":0.8}},{"type":"Feature","geometry":{"type":"Point","coordinates":[106.73603729330085,10.653964752334788]},"properties":{"property_type":"apartment","smoothed_log_price_per_m2":17.925,"confidence":0.467}},{"type":"Feature","geometry":{"type":"Point","coordinates":[106.67033353921202,10.840725003494633]},"properties":{"property_type":"apartment","smoothed_log_price_per_m2":17.7441,"confidence":0.933}},{"type":"Feature","geometry":{"type":"Point","coordinates":[106.6458482948761,10.780934030518756]},"properties":{"property_type":"apartment","smoothed_log_price_per_m2":17.8034,"confidence":1.0}},{"type":"Feature","geometry":{"type":"Point","coordinates":[106.62799080781842,10.782883649111048]},"properties":{"property_type":"apartment","smoothed_log_price_per_m2":17.7354,"confidence":1.0}},{"type":"Feature","geometry":{"type":"Point","coordinates":[106.71819749428475,10.655911938358356]},"properties":{"property_type":"apartment","smoothed_log_price_per_m2":17.8962,"confidence":0.467}},{"type":"Feature","geometry":{"type":"Point","coordinates":[106.64948398235325,10.772728164499867]},"properties":{"property_type":"apartment","smoothed_log_price_per_m2":17.7784,"confidence":1.0}},{"type":"Feature","geometry":{"type":"Point","coordinates":[106.59259851407462,10.74769419477062]},"properties":{"property_type":"apartment","smoothed_log_price_per_m2":17.4193,"confidence":0.333}},{"type":"Feature","geometry":{"type":"Point","coordinates":[106.6511406957435,10.788164766899277]},"properties":{"property_type":"apartment","smoothed_log_price_per_m2":17.8116,"confidence":0.867}},{"type":"Feature","geometry":{"type":"Point","coordinates":[106.63493962482178,10.805552315375378]},"properties":{"property_type":"apartment","smoothed_log_price_per_m2":17.693,"confidence":0.667}},{"type":"Feature","geometry":{"type":"Point","coordinates":[106.73842248375225,10.8020376105731]},"properties":{"property_type":"apartment","smoothed_log_price_per_m2":17.9319,"confidence":0.467}},{"type":"Feature","geometry":{"type":"Point","coordinates":[106.73178310174598,10.740309014973334]},"properties":{"property_type":"apartment","smoothed_log_price_per_m2":18.0136,"confidence":0.733}},{"type":"Feature","geometry":{"type":"Point","coordinates":[106.63195181117607,10.735595814184489]},"properties":{"property_type":"apartment","smoothed_log_price_per_m2":17.592,"confidence":0.467}},{"type":"Feature","geometry":{"type":"Point","coordinates":[106.71496863472079,10.835836051618129]},"properties":{"property_type":"apartment","smoothed_log_price_per_m2":18.514,"confidence":0.867}},{"type":"Feature","geometry":{"type":"Point","coordinates":[106.64750491391555,10.79637072957213]},"properties":{"property_type":"apartment","smoothed_log_price_per_m2":17.8111,"confidence":0.533}},{"type":"Feature","geometry":{"type":"Point","coordinates":[106.66472003044798,10.872572136030756]},"properties":{"property_type":"apartment","smoothed_log_price_per_m2":17.4901,"confidence":0.733}},{"type":"Feature","geometry":{"type":"Point","coordinates":[106.72783917293336,10.787583263495883]},"properties":{"property_type":"apartment","smoothed_log_price_per_m2":17.8721,"confidence":0.533}},{"type":"Feature","geometry":{"type":"Point","coordinates":[106.60847595811987,10.769393623608028]},"properties":{"property_type":"apartment","smoothed_log_price_per_m2":17.5236,"confidence":0.8}},{"type":"Feature","geometry":{"type":"Point","coordinates":[106.76715887316665,10.775468272576289]},"properties":{"property_type":"apartment","smoothed_log_price_per_m2":17.9596,"confidence":0.2}},{"type":"Feature","geometry":{"type":"Point","coordinates":[106.71528285072813,10.796765464804203]},"properties":{"property_type":"apartment","smoothed_log_price_per_m2":17.827,"confidence":0.533}},{"type":"Feature","geometry":{"type":"Point","coordinates":[106.70438370175152,10.821381187389381]},"properties":{"property_type":"apartment","smoothed_log_price_per_m2":18.4772,"confidence":1.0}},{"type":"Feature","geometry":{"type":"Point","coordinates":[106.62302378307464,10.736569123544314]},"properties":{"property_type":"apartment","smoothed_log_price_per_m2":17.5855,"confidence":0.333}},{"type":"Feature","geometry":{"type":"Point","coordinates":[106.72420710235676,10.795788140106819]},"properties":{"property_type":"apartment","smoothed_log_price_per_m2":17.8179,"confidence":0.533}},{"type":"Feature","geometry":{"type":"Point","coordinates":[106.67626474187729,10.769802623979354]},"properties":{"property_type":"apartment","smoothed_log_price_per_m2":17.8613,"confidence":0.2}},{"type":"Feature","geometry":{"type":"Point","coordinates":[106.63558765683793,10.727390111856383]},"properties":{"property_type":"apartment","smoothed_log_price_per_m2":17.6153,"confidence":0.4}},{"type":"Feature","geometry":{"type":"Point","coordinates":[106.60152863630853,10.746721356101345]},"properties":{"property_type":"apartment","smoothed_log_price_per_m2":17.4806,"confidence":0.333}},{"type":"Feature","geometry":{"type":"Point","coordinates":[106.70801701962748,10.813175831962782]},"properties":{"property_type":"apartment","smoothed_log_price_per_m2":18.2386,"confidence":1.0}},{"type":"Feature","geometry":{"type":"Point","coordinates":[106.64253548161932,10.750059815526281]},"properties":{"property_type":"apartment","smoothed_log_price_per_m2":17.722,"confidence":0.2}},{"type":"Feature","geometry":{"type":"Point","coordinates":[106.61707948978476,10.807502726475784]},"properties":{"property_type":"apartment","smoothed_log_price_per_m2":17.6566,"confidence":0.4}},{"type":"Feature","geometry":{"type":"Point","coordinates":[106.74070481079538,10.739332834045031]},"properties":{"property_type":"apartment","smoothed_log_price_per_m2":18.0237,"confidence":0.4}},{"type":"Feature","geometry":{"type":"Point","coordinates":[106.69940747993773,10.775080339600711]},"properties":{"property_type":"apartment","smoothed_log_price_per_m2":17.924,"confidence":0.467}},{"type":"Feature","geometry":{"type":"Point","coordinates":[106.71891536395383,10.788560453939079]},"properties":{"property_type":"apartment","smoothed_log_price_per_m2":17.8836,"confidence":0.533}},{"type":"Feature","geometry":{"type":"Point","coordinates":[106.63360767503514,10.751033792299033]},"properties":{"property_type":"apartment","smoothed_log_price_per_m2":17.7033,"confidence":0.2}},{"type":"Feature","geometry":{"type":"Point","coordinates":[106.64087928737125,10.73462230413278]},"properties":{"property_type":"apartment","smoothed_log_price_per_m2":17.5833,"confidence":0.4}},{"type":"Feature","geometry":{"type":"Point","coordinates":[106.75989854413481,10.791876830511978]},"properties":{"property_type":"apartment","smoothed_log_price_per_m2":17.9681,"confidence":0.2}},{"type":"Feature","geometry":{"type":"Point","coordinates":[106.69411581251327,10.76785125817201]},"properties":{"property_type":"apartment","smoothed_log_price_per_m2":18.029,"confidence":1.0}},{"type":"Feature","geometry":{"type":"Point","coordinates":[106.66568114337569,10.75534206580214]},"properties":{"property_type":"apartment","smoothed_log_price_per_m2":17.7822,"confidence":0.4}},{"type":"Feature","geometry":{"type":"Point","coordinates":[106.72182827852825,10.647708117674144]},"properties":{"property_type":"apartment","smoothed_log_price_per_m2":17.8835,"confidence":0.467}},{"type":"Feature","geometry":{"type":"Point","coordinates":[106.70335613527185,10.72780212358145]},"properties":{"property_type":"apartment","smoothed_log_price_per_m2":17.8781,"confidence":0.667}},{"type":"Feature","geometry":{"type":"Point","coordinates":[106.62600983324953,10.806527622124852]},"properties":{"property_type":"apartment","smoothed_log_price_per_m2":17.6592,"confidence":0.4}},{"type":"Feature","geometry":{"type":"Point","coordinates":[106.72815175510198,10.748513460264364]},"properties":{"property_type":"apartment","smoothed_log_price_per_m2":17.962,"confidence":0.333}},{"type":"Feature","geometry":{"type":"Point","coordinates":[106.68850676309685,10.799696230654021]},"properties":{"property_type":"apartment","smoothed_log_price_per_m2":17.7762,"confidence":0.8}},{"type":"Feature","geometry":{"type":"Point","coordinates":[106.72120167432406,10.725851700573516]},"properties":{"property_type":"apartment","smoothed_log_price_per_m2":18.0484,"confidence":0.467}},{"type":"Feature","geometry":{"type":"Point","coordinates":[106.6957741757806,10.78328552121931]},"properties":{"property_type":"apartment","smoothed_log_price_per_m2":17.8846,"confidence":0.333}},{"type":"Feature","geometry":{"type":"Point","coordinates":[106.65413280650642,10.858114749812195]},"properties":{"property_type":"apartment","smoothed_log_price_per_m2":17.4987,"confidence":0.733}}]}