{"type":"FeatureCollection","features":[{"type":"Feature","geometry":{"type":"Point","coordinates":[106.7087488,10.7305239]},"properties":{"kind":"point","protocol":"district_holdout","property_type":"apartment","district":"Quận 7","geo_precision":"STREET","status":"estimated","actual":60000000.0,"estimated":50819892.0,"abs_pct_error":0.153,"signed_pct_error":-0.153}},{"type":"Feature","geometry":{"type":"Point","coordinates":[106.6499732,10.7625111]},"properties":{"kind":"point","protocol":"district_holdout","property_type":"house","district":"Quận 11","geo_precision":"STREET","status":"estimated","actual":184782609.0,"estimated":108088342.0,"abs_pct_error":0.4151,"signed_pct_error":-0.4151}},{"type":"Feature","geometry":{"type":"Point","coordinates":[106.6419807,10.7702835]},"properties":{"kind":"point","protocol":"district_holdout","property_type":"house","district":"Quận 11","geo_precision":"STREET","status":"estimated","actual":229268293.0,"estimated":103690113.0,"abs_pct_error":0.5477,"signed_pct_error":-0.5477}},{"type":"Feature","geometry":{"type":"Point","coordinates":[106.7473592,10.7646259]},"properties":{"kind":"point","protocol":"district_holdout","property_type":"apartment","district":"Quận 7","geo_precision":"STREET","status":"estimated","actual":45572917.0,"estimated":36330888.0,"abs_pct_error":0.2028,"signed_pct_error":-0.2028}},{"type":"Feature","geometry":{"type":"Point","coordinates":[106.6419807,10.7702835]},"properties":{"kind":"point","protocol":"district_holdout","property_type":"house","district":"Quận 11","geo_precision":"STREET","status":"estimated","actual":125000000.0,"estimated":99821461.0,"abs_pct_error":0.2014,"signed_pct_error":-0.2014}},{"type":"Feature","geometry":{"type":"Point","coordinates":[106.7041639,10.7301154]},"properties":{"kind":"point","protocol":"district_holdout","property_type":"apartment","district":"Quận 7","geo_precision":"STREET","status":"estimated","actual":65049929.0,"estimated":50860460.0,"abs_pct_error":0.2181,"signed_pct_error":-0.2181}},{"type":"Feature","geometry":{"type":"Point","coordinates":[106.7227082,10.7999587]},"properties":{"kind":"point","protocol":"district_holdout","property_type":"land","district":"Quận Bình Thạnh","geo_precision":"STREET","status":"estimated","actual":114127717.0,"estimated":51300624.0,"abs_pct_error":0.5505,"signed_pct_error":-0.5505}},{"type":"Feature","geometry":{"type":"Point","coordinates":[106.6999141,10.8338577]},"properties":{"kind":"point","protocol":"district_holdout","property_type":"land","district":"Quận Bình Thạnh","geo_precision":"STREET","status":"estimated","actual":133333333.0,"estimated":59430855.0,"abs_pct_error":0.5543,"signed_pct_error":-0.5543}},{"type":"Feature","geometry":{"type":"Point","coordinates":[106.6918144,10.7562578]},"properties":{"kind":"point","protocol":"district_holdout","property_type":"apartment","district":"Quận 4","geo_precision":"STREET","status":"estimated","actual":95061728.0,"estimated":55139701.0,"abs_pct_error":0.42,"signed_pct_error":-0.42}},{"type":"Feature","geometry":{"type":"Point","coordinates":[106.6419807,10.7702835]},"properties":{"kind":"point","protocol":"district_holdout","property_type":"house","district":"Quận 11","geo_precision":"STREET","status":"estimated","actual":169642857.0,"estimated":99333659.0,"abs_pct_error":0.4145,"signed_pct_error":-0.4145}},{"type":"Feature","geometry":{"type":"Point","coordinates":[106.7210199,10.8008118]},"properties":{"kind":"point","protocol":"district_holdout","property_type":"land","district":"Quận Bình Thạnh","geo_precision":"STREET","status":"estimated","actual":76000000.0,"estimated":58445803.0,"abs_pct_error":0.231,"signed_pct_error":-0.231}},{"type":"Feature","geometry":{"type":"Point","coordinates":[106.7227082,10.7999587]},"properties":{"kind":"point","protocol":"district_holdout","property_type":"land","district":"Quận Bình Thạnh","geo_precision":"STREET","status":"estimated","actual":113240541.0,"estimated":51136523.0,"abs_pct_error":0.5484,"signed_pct_error":-0.5484}},{"type":"Feature","geometry":{"type":"Point","coordinates":[106.7227082,10.7999587]},"properties":{"kind":"point","protocol":"district_holdout","property_type":"land","district":"Quận Bình Thạnh","geo_precision":"STREET","status":"unscored","actual":null,"estimated":null,"abs_pct_error":null,"signed_pct_error":null}},{"type":"Feature","geometry":{"type":"Point","coordinates":[106.6950654,10.7618339]},"properties":{"kind":"point","protocol":"district_holdout","property_type":"apartment","district":"Quận 1","geo_precision":"STREET","status":"unscored","actual":null,"estimated":null,"abs_pct_error":null,"signed_pct_error":null}},{"type":"Feature","geometry":{"type":"Point","coordinates":[106.6950654,10.7618339]},"properties":{"kind":"point","protocol":"district_holdout","property_type":"apartment","district":"Quận 1","geo_precision":"STREET","status":"unscored","actual":null,"estimated":null,"abs_pct_error":null,"signed_pct_error":null}},{"type":"Feature","geometry":{"type":"Point","coordinates":[106.7017849,10.7781862]},"properties":{"kind":"point","protocol":"district_holdout","property_type":"apartment","district":"Quận 1","geo_precision":"STREET","status":"unscored","actual":null,"estimated":null,"abs_pct_error":null,"signed_pct_error":null}},{"type":"Feature","geometry":{"type":"Point","coordinates":[106.7017849,10.7781862]},"properties":{"kind":"point","protocol":"district_holdout","property_type":"apartment","district":"Quận 1","geo_precision":"STREET","status":"unscored","actual":null,"estimated":null,"abs_pct_error":null,"signed_pct_error":null}},{"type":"Feature","geometry":{"type":"Point","coordinates":[106.6950654,10.7618339]},"properties":{"kind":"point","protocol":"district_holdout","property_type":"apartment","district":"Quận 1","geo_precision":"STREET","status":"unscored","actual":101176471.0,"estimated":null,"abs_pct_error":null,"signed_pct_error":null}},{"type":"Feature","geometry":{"type":"Point","coordinates":[106.6696539,10.7579256]},"properties":{"kind":"point","protocol":"within_district","property_type":"apartment","district":"Quận 5","geo_precision":"STREET","status":"estimated","actual":63636364.0,"estimated":42533893.0,"abs_pct_error":0.3316,"signed_pct_error":-0.3316}},{"type":"Feature","geometry":{"type":"Point","coordinates":[106.7494714,10.8041384]},"properties":{"kind":"point","protocol":"within_district","property_type":"apartment","district":"Thành phố Thủ Đức","geo_precision":"STREET","status":"estimated","actual":59659091.0,"estimated":53482135.0,"abs_pct_error":0.1035,"signed_pct_error":-0.1035}},{"type":"Feature","geometry":{"type":"Point","coordinates":[106.6807553,10.7573181]},"properties":{"kind":"point","protocol":"within_district","property_type":"house","district":"Quận 10","geo_precision":"STREET","status":"unscored","actual":null,"estimated":null,"abs_pct_error":null,"signed_pct_error":null}},{"type":"Feature","geometry":{"type":"Point","coordinates":[106.7087488,10.7305239]},"properties":{"kind":"point","protocol":"within_district","property_type":"apartment","district":"Quận 7","geo_precision":"STREET","status":"estimated","actual":60000000.0,"estimated":60957591.0,"abs_pct_error":0.016,"signed_pct_error":0.016}},{"type":"Feature","geometry":{"type":"Point","coordinates":[106.7591933,10.8454774]},"properties":{"kind":"point","protocol":"within_district","property_type":"land","district":"Thành phố Thủ Đức","geo_precision":"STREET","status":"estimated","actual":95313741.0,"estimated":86647045.0,"abs_pct_error":0.0909,"signed_pct_error":-0.0909}},{"type":"Feature","geometry":{"type":"Point","coordinates":[106.6532293,10.86467]},"properties":{"kind":"point","protocol":"within_district","property_type":"house","district":"Quận 12","geo_precision":"STREET","status":"estimated","actual":60526316.0,"estimated":87726292.0,"abs_pct_error":0.4494,"signed_pct_error":0.4494}},{"type":"Feature","geometry":{"type":"Point","coordinates":[106.7663015,10.8530516]},"properties":{"kind":"point","protocol":"within_district","property_type":"land","district":"Thành phố Thủ Đức","geo_precision":"STREET","status":"estimated","actual":118032787.0,"estimated":126148352.0,"abs_pct_error":0.0688,"signed_pct_error":0.0688}},{"type":"Feature","geometry":{"type":"Point","coordinates":[106.7293926,10.7062367]},"properties":{"kind":"point","protocol":"within_district","property_type":"land","district":"Quận 7","geo_precision":"STREET","status":"estimated","actual":101307190.0,"estimated":94923554.0,"abs_pct_error":0.063,"signed_pct_error":-0.063}},{"type":"Feature","geometry":{"type":"Point","coordinates":[106.7591933,10.8454774]},"properties":{"kind":"point","protocol":"within_district","property_type":"land","district":"Thành phố Thủ Đức","geo_precision":"STREET","status":"estimated","actual":37742631.0,"estimated":16118232.0,"abs_pct_error":0.5729,"signed_pct_error":-0.5729}},{"type":"Feature","geometry":{"type":"Point","coordinates":[106.7227082,10.7999587]},"properties":{"kind":"point","protocol":"within_district","property_type":"land","district":"Quận Bình Thạnh","geo_precision":"STREET","status":"estimated","actual":114127717.0,"estimated":138696106.0,"abs_pct_error":0.2153,"signed_pct_error":0.2153}},{"type":"Feature","geometry":{"type":"Point","coordinates":[106.6532293,10.86467]},"properties":{"kind":"point","protocol":"within_district","property_type":"land","district":"Quận 12","geo_precision":"STREET","status":"estimated","actual":85000000.0,"estimated":25221621.0,"abs_pct_error":0.7033,"signed_pct_error":-0.7033}},{"type":"Feature","geometry":{"type":"Point","coordinates":[106.6532293,10.86467]},"properties":{"kind":"point","protocol":"within_district","property_type":"land","district":"Quận 12","geo_precision":"STREET","status":"estimated","actual":8500000.0,"estimated":7645510.0,"abs_pct_error":0.1005,"signed_pct_error":-0.1005}},{"type":"Feature","geometry":{"type":"Point","coordinates":[106.7194453,10.7350015]},"properties":{"kind":"point","protocol":"within_district","property_type":"house","district":"Quận 7","geo_precision":"STREET","status":"estimated","actual":153225806.0,"estimated":82532451.0,"abs_pct_error":0.4614,"signed_pct_error":-0.4614}},{"type":"Feature","geometry":{"type":"Point","coordinates":[106.6501697,10.8706159]},"properties":{"kind":"point","protocol":"within_district","property_type":"house","district":"Quận 12","geo_precision":"STREET","status":"estimated","actual":78750000.0,"estimated":95551411.0,"abs_pct_error":0.2134,"signed_pct_error":0.2134}},{"type":"Feature","geometry":{"type":"Point","coordinates":[106.7563536,10.8448291]},"properties":{"kind":"point","protocol":"within_district","property_type":"land","district":"Thành phố Thủ Đức","geo_precision":"STREET","status":"estimated","actual":49799197.0,"estimated":33968074.0,"abs_pct_error":0.3179,"signed_pct_error":-0.3179}},{"type":"Feature","geometry":{"type":"Point","coordinates":[106.8059743,10.8676273]},"properties":{"kind":"point","protocol":"within_district","property_type":"land","district":"Thành phố Thủ Đức","geo_precision":"STREET","status":"estimated","actual":179687500.0,"estimated":98165212.0,"abs_pct_error":0.4537,"signed_pct_error":-0.4537}},{"type":"Feature","geometry":{"type":"Point","coordinates":[106.7210199,10.8008118]},"properties":{"kind":"point","protocol":"within_district","property_type":"land","district":"Quận Bình Thạnh","geo_precision":"STREET","status":"estimated","actual":76000000.0,"estimated":156685724.0,"abs_pct_error":1.0617,"signed_pct_error":1.0617}},{"type":"Feature","geometry":{"type":"Point","coordinates":[106.7591933,10.8454774]},"properties":{"kind":"point","protocol":"within_district","property_type":"land","district":"Thành phố Thủ Đức","geo_precision":"STREET","status":"estimated","actual":44036697.0,"estimated":44692849.0,"abs_pct_error":0.0149,"signed_pct_error":0.0149}},{"type":"Feature","geometry":{"type":"Point","coordinates":[106.6950654,10.7618339]},"properties":{"kind":"point","protocol":"within_district","property_type":"apartment","district":"Quận 1","geo_precision":"STREET","status":"unscored","actual":null,"estimated":null,"abs_pct_error":null,"signed_pct_error":null}},{"type":"Feature","geometry":{"type":"Point","coordinates":[106.755752,10.7849646]},"properties":{"kind":"point","protocol":"within_district","property_type":"land","district":"Thành phố Thủ Đức","geo_precision":"STREET","status":"estimated","actual":92307692.0,"estimated":32562975.0,"abs_pct_error":0.6472,"signed_pct_error":-0.6472}},{"type":"Feature","geometry":{"type":"Point","coordinates":[106.7258641,10.6510014]},"properties":{"kind":"district_aggregate","protocol":"district_holdout","property_type":"apartment","district":"Huyện Nhà Bè","geo_precision":"DISTRICT","n_total":7,"n_scored":7,"n_abstained":0,"n_excluded":0,"n_map_subjects":7,"n_unplotted":0,"medape_pct":12.13,"cases":[{"status":"estimated","district":"Huyện Nhà Bè","property_type":"apartment","geo_precision":"DISTRICT","actual":72115385.0,"estimated":63407169.0,"abs_pct_error":0.1208,"signed_pct_error":-0.1208},{"status":"estimated","district":"Huyện Nhà Bè","property_type":"apartment","geo_precision":"DISTRICT","actual":72368421.0,"estimated":53210487.0,"abs_pct_error":0.2647,"signed_pct_error":-0.2647},{"status":"estimated","district":"Huyện Nhà Bè","property_type":"apartment","geo_precision":"DISTRICT","actual":66555556.0,"estimated":58484519.0,"abs_pct_error":0.1213,"signed_pct_error":-0.1213},{"status":"estimated","district":"Huyện Nhà Bè","property_type":"apartment","geo_precision":"DISTRICT","actual":67142857.0,"estimated":63747238.0,"abs_pct_error":0.0506,"signed_pct_error":-0.0506},{"status":"estimated","district":"Huyện Nhà Bè","property_type":"apartment","geo_precision":"DISTRICT","actual":37641509.0,"estimated":64085881.0,"abs_pct_error":0.7025,"signed_pct_error":0.7025},{"status":"estimated","district":"Huyện Nhà Bè","property_type":"apartment","geo_precision":"DISTRICT","actual":45000000.0,"estimated":47486821.0,"abs_pct_error":0.0553,"signed_pct_error":0.0553},{"status":"estimated","district":"Huyện Nhà Bè","property_type":"apartment","geo_precision":"DISTRICT","actual":75238095.0,"estimated":63747238.0,"abs_pct_error":0.1527,"signed_pct_error":-0.1527}]}},{"type":"Feature","geometry":{"type":"Point","coordinates":[106.6950654,10.7618339]},"properties":{"kind":"district_aggregate","protocol":"district_holdout","property_type":"apartment","district":"Quận 1","geo_precision":"WARD","n_total":2,"n_scored":2,"n_abstained":0,"n_excluded":0,"n_map_subjects":2,"n_unplotted":0,"medape_pct":38.55,"cases":[{"status":"estimated","district":"Quận 1","property_type":"apartment","geo_precision":"WARD","actual":69767442.0,"estimated":57017060.0,"abs_pct_error":0.1828,"signed_pct_error":-0.1828},{"status":"estimated","district":"Quận 1","property_type":"apartment","geo_precision":"WARD","actual":108928571.0,"estimated":44860602.0,"abs_pct_error":0.5882,"signed_pct_error":-0.5882}]}},{"type":"Feature","geometry":{"type":"Point","coordinates":[106.71541668,10.75668174]},"properties":{"kind":"district_aggregate","protocol":"district_holdout","property_type":"apartment","district":"Quận 4","geo_precision":"WARD","n_total":5,"n_scored":5,"n_abstained":0,"n_excluded":0,"n_map_subjects":5,"n_unplotted":0,"medape_pct":96.37,"cases":[{"status":"estimated","district":"Quận 4","property_type":"apartment","geo_precision":"WARD","actual":27039474.0,"estimated":53210487.0,"abs_pct_error":0.9679,"signed_pct_error":0.9679},{"status":"estimated","district":"Quận 4","property_type":"apartment","geo_precision":"WARD","actual":25347222.0,"estimated":51626453.0,"abs_pct_error":1.0368,"signed_pct_error":1.0368},{"status":"estimated","district":"Quận 4","property_type":"apartment","geo_precision":"WARD","actual":34487179.0,"estimated":67722110.0,"abs_pct_error":0.9637,"signed_pct_error":0.9637},{"status":"estimated","district":"Quận 4","property_type":"apartment","geo_precision":"WARD","actual":67500000.0,"estimated":54758155.0,"abs_pct_error":0.1888,"signed_pct_error":-0.1888},{"status":"estimated","district":"Quận 4","property_type":"apartment","geo_precision":"WARD","actual":109523810.0,"estimated":63747238.0,"abs_pct_error":0.418,"signed_pct_error":-0.418}]}},{"type":"Feature","geometry":{"type":"Point","coordinates":[106.636234375,10.74323895]},"properties":{"kind":"district_aggregate","protocol":"district_holdout","property_type":"apartment","district":"Quận 6","geo_precision":"WARD","n_total":4,"n_scored":4,"n_abstained":0,"n_excluded":0,"n_map_subjects":4,"n_unplotted":0,"medape_pct":22.02,"cases":[{"status":"estimated","district":"Quận 6","property_type":"apartment","geo_precision":"WARD","actual":33333333.0,"estimated":46624403.0,"abs_pct_error":0.3987,"signed_pct_error":0.3987},{"status":"estimated","district":"Quận 6","property_type":"apartment","geo_precision":"WARD","actual":40208333.0,"estimated":41157089.0,"abs_pct_error":0.0236,"signed_pct_error":0.0236},{"status":"estimated","district":"Quận 6","property_type":"apartment","geo_precision":"WARD","actual":50000000.0,"estimated":47913425.0,"abs_pct_error":0.0417,"signed_pct_error":-0.0417},{"status":"estimated","district":"Quận 6","property_type":"apartment","geo_precision":"WARD","actual":21352941.0,"estimated":56645522.0,"abs_pct_error":1.6528,"signed_pct_error":1.6528}]}},{"type":"Feature","geometry":{"type":"Point","coordinates":[106.729695,10.73785]},"properties":{"kind":"district_aggregate","protocol":"district_holdout","property_type":"apartment","district":"Quận 7","geo_precision":"DISTRICT","n_total":3,"n_scored":3,"n_abstained":0,"n_excluded":0,"n_map_subjects":3,"n_unplotted":0,"medape_pct":43.35,"cases":[{"status":"estimated","district":"Quận 7","property_type":"apartment","geo_precision":"DISTRICT","actual":19078947.0,"estimated":66745943.0,"abs_pct_error":2.4984,"signed_pct_error":2.4984},{"status":"estimated","district":"Quận 7","property_type":"apartment","geo_precision":"DISTRICT","actual":89714286.0,"estimated":50819892.0,"abs_pct_error":0.4335,"signed_pct_error":-0.4335},{"status":"estimated","district":"Quận 7","property_type":"apartment","geo_precision":"DISTRICT","actual":90909091.0,"estimated":69006658.0,"abs_pct_error":0.2409,"signed_pct_error":-0.2409}]}},{"type":"Feature","geometry":{"type":"Point","coordinates":[106.72132868888889,10.729221288888889]},"properties":{"kind":"district_aggregate","protocol":"district_holdout","property_type":"apartment","district":"Quận 7","geo_precision":"WARD","n_total":9,"n_scored":7,"n_abstained":0,"n_excluded":2,"n_map_subjects":9,"n_unplotted":0,"medape_pct":47.08,"cases":[{"status":"estimated","district":"Quận 7","property_type":"apartment","geo_precision":"WARD","actual":150000000.0,"estimated":62032237.0,"abs_pct_error":0.5865,"signed_pct_error":-0.5865},{"status":"estimated","district":"Quận 7","property_type":"apartment","geo_precision":"WARD","actual":30857143.0,"estimated":50819892.0,"abs_pct_error":0.6469,"signed_pct_error":0.6469},{"status":"estimated","district":"Quận 7","property_type":"apartment","geo_precision":"WARD","actual":72463768.0,"estimated":50412802.0,"abs_pct_error":0.3043,"signed_pct_error":-0.3043},{"status":"estimated","district":"Quận 7","property_type":"apartment","geo_precision":"WARD","actual":123636364.0,"estimated":65426580.0,"abs_pct_error":0.4708,"signed_pct_error":-0.4708},{"status":"estimated","district":"Quận 7","property_type":"apartment","geo_precision":"WARD","actual":45842217.0,"estimated":59852183.0,"abs_pct_error":0.3056,"signed_pct_error":0.3056},{"status":"estimated","district":"Quận 7","property_type":"apartment","geo_precision":"WARD","actual":22600000.0,"estimated":62032237.0,"abs_pct_error":1.7448,"signed_pct_error":1.7448},{"status":"estimated","district":"Quận 7","property_type":"apartment","geo_precision":"WARD","actual":86065574.0,"estimated":102129716.0,"abs_pct_error":0.1867,"signed_pct_error":0.1867},{"status":"unscored","district":"Quận 7","property_type":"apartment","geo_precision":"WARD","actual":null,"estimated":null,"abs_pct_error":null,"signed_pct_error":null},{"status":"unscored","district":"Quận 7","property_type":"apartment","geo_precision":"WARD","actual":null,"estimated":null,"abs_pct_error":null,"signed_pct_error":null}]}},{"type":"Feature","geometry":{"type":"Point","coordinates":[106.65380466153846,10.734443523076923]},"properties":{"kind":"district_aggregate","protocol":"district_holdout","property_type":"apartment","district":"Quận 8","geo_precision":"WARD","n_total":13,"n_scored":13,"n_abstained":0,"n_excluded":0,"n_map_subjects":13,"n_unplotted":0,"medape_pct":20.93,"cases":[{"status":"estimated","district":"Quận 8","property_type":"apartment","geo_precision":"WARD","actual":18013699.0,"estimated":52026025.0,"abs_pct_error":1.8881,"signed_pct_error":1.8881},{"status":"estimated","district":"Quận 8","property_type":"apartment","geo_precision":"WARD","actual":37500000.0,"estimated":43040292.0,"abs_pct_error":0.1477,"signed_pct_error":0.1477},{"status":"estimated","district":"Quận 8","property_type":"apartment","geo_precision":"WARD","actual":61764706.0,"estimated":50003102.0,"abs_pct_error":0.1904,"signed_pct_error":-0.1904},{"status":"estimated","district":"Quận 8","property_type":"apartment","geo_precision":"WARD","actual":52653061.0,"estimated":41634182.0,"abs_pct_error":0.2093,"signed_pct_error":-0.2093},{"status":"estimated","district":"Quận 8","property_type":"apartment","geo_precision":"WARD","actual":50000000.0,"estimated":31648282.0,"abs_pct_error":0.367,"signed_pct_error":-0.367},{"status":"estimated","district":"Quận 8","property_type":"apartment","geo_precision":"WARD","actual":38913043.0,"estimated":40189555.0,"abs_pct_error":0.0328,"signed_pct_error":0.0328},{"status":"estimated","district":"Quận 8","property_type":"apartment","geo_precision":"WARD","actual":40625000.0,"estimated":48337053.0,"abs_pct_error":0.1898,"signed_pct_error":0.1898},{"status":"estimated","district":"Quận 8","property_type":"apartment","geo_precision":"WARD","actual":42923077.0,"estimated":48757772.0,"abs_pct_error":0.1359,"signed_pct_error":0.1359},{"status":"estimated","district":"Quận 8","property_type":"apartment","geo_precision":"WARD","actual":40000000.0,"estimated":54758155.0,"abs_pct_error":0.369,"signed_pct_error":0.369},{"status":"estimated","district":"Quận 8","property_type":"apartment","geo_precision":"WARD","actual":47913447.0,"estimated":48631858.0,"abs_pct_error":0.015,"signed_pct_error":0.015},{"status":"estimated","district":"Quận 8","property_type":"apartment","geo_precision":"WARD","actual":33870968.0,"estimated":47486821.0,"abs_pct_error":0.402,"signed_pct_error":0.402},{"status":"estimated","district":"Quận 8","property_type":"apartment","geo_precision":"WARD","actual":25441176.0,"estimated":50003102.0,"abs_pct_error":0.9654,"signed_pct_error":0.9654},{"status":"estimated","district":"Quận 8","property_type":"apartment","geo_precision":"WARD","actual":37974684.0,"estimated":54374500.0,"abs_pct_error":0.4319,"signed_pct_error":0.4319}]}},{"type":"Feature","geometry":{"type":"Point","coordinates":[106.5909297,10.6950833]},"properties":{"kind":"district_aggregate","protocol":"district_holdout","property_type":"house","district":"Huyện Bình Chánh","geo_precision":"DISTRICT","n_total":1,"n_scored":1,"n_abstained":0,"n_excluded":0,"n_map_subjects":1,"n_unplotted":0,"medape_pct":171.13,"cases":[{"status":"estimated","district":"Huyện Bình Chánh","property_type":"house","geo_precision":"DISTRICT","actual":40625000.0,"estimated":110146872.0,"abs_pct_error":1.7113,"signed_pct_error":1.7113}]}},{"type":"Feature","geometry":{"type":"Point","coordinates":[106.5097461,11.0967072]},"properties":{"kind":"district_aggregate","protocol":"district_holdout","property_type":"house","district":"Huyện Củ Chi","geo_precision":"DISTRICT","n_total":1,"n_scored":1,"n_abstained":0,"n_excluded":0,"n_map_subjects":1,"n_unplotted":0,"medape_pct":931.85,"cases":[{"status":"estimated","district":"Huyện Củ Chi","property_type":"house","geo_precision":"DISTRICT","actual":11038961.0,"estimated":113905727.0,"abs_pct_error":9.3185,"signed_pct_error":9.3185}]}},{"type":"Feature","geometry":{"type":"Point","coordinates":[106.6476075,10.7656296]},"properties":{"kind":"district_aggregate","protocol":"district_holdout","property_type":"house","district":"Quận 11","geo_precision":"DISTRICT","n_total":1,"n_scored":1,"n_abstained":0,"n_excluded":0,"n_map_subjects":1,"n_unplotted":0,"medape_pct":1.48,"cases":[{"status":"estimated","district":"Quận 11","property_type":"house","geo_precision":"DISTRICT","actual":115833333.0,"estimated":117551243.0,"abs_pct_error":0.0148,"signed_pct_error":0.0148}]}},{"type":"Feature","geometry":{"type":"Point","coordinates":[106.64736541666667,10.764159383333332]},"properties":{"kind":"district_aggregate","protocol":"district_holdout","property_type":"house","district":"Quận 11","geo_precision":"WARD","n_total":6,"n_scored":4,"n_abstained":0,"n_excluded":2,"n_map_subjects":6,"n_unplotted":0,"medape_pct":44.61,"cases":[{"status":"estimated","district":"Quận 11","property_type":"house","geo_precision":"WARD","actual":190243902.0,"estimated":108920962.0,"abs_pct_error":0.4275,"signed_pct_error":-0.4275},{"status":"estimated","district":"Quận 11","property_type":"house","geo_precision":"WARD","actual":276785714.0,"estimated":111359075.0,"abs_pct_error":0.5977,"signed_pct_error":-0.5977},{"status":"unscored","district":"Quận 11","property_type":"house","geo_precision":"WARD","actual":null,"estimated":null,"abs_pct_error":null,"signed_pct_error":null},{"status":"unscored","district":"Quận 11","property_type":"house","geo_precision":"WARD","actual":null,"estimated":null,"abs_pct_error":null,"signed_pct_error":null},{"status":"estimated","district":"Quận 11","property_type":"house","geo_precision":"WARD","actual":188732394.0,"estimated":101021722.0,"abs_pct_error":0.4647,"signed_pct_error":-0.4647},{"status":"estimated","district":"Quận 11","property_type":"house","geo_precision":"WARD","actual":154000000.0,"estimated":105161518.0,"abs_pct_error":0.3171,"signed_pct_error":-0.3171}]}},{"type":"Feature","geometry":{"type":"Point","coordinates":[106.64534657499999,10.727408025]},"properties":{"kind":"district_aggregate","protocol":"district_holdout","property_type":"house","district":"Quận 8","geo_precision":"WARD","n_total":4,"n_scored":4,"n_abstained":0,"n_excluded":0,"n_map_subjects":4,"n_unplotted":0,"medape_pct":17.13,"cases":[{"status":"estimated","district":"Quận 8","property_type":"house","geo_precision":"WARD","actual":94444444.0,"estimated":107919794.0,"abs_pct_error":0.1427,"signed_pct_error":0.1427},{"status":"estimated","district":"Quận 8","property_type":"house","geo_precision":"WARD","actual":108888889.0,"estimated":109643285.0,"abs_pct_error":0.0069,"signed_pct_error":0.0069},{"status":"estimated","district":"Quận 8","property_type":"house","geo_precision":"WARD","actual":146153846.0,"estimated":112543735.0,"abs_pct_error":0.23,"signed_pct_error":-0.23},{"status":"estimated","district":"Quận 8","property_type":"house","geo_precision":"WARD","actual":138461538.0,"estimated":110774652.0,"abs_pct_error":0.2,"signed_pct_error":-0.2}]}},{"type":"Feature","geometry":{"type":"Point","coordinates":[106.6740337,10.8353538]},"properties":{"kind":"district_aggregate","protocol":"district_holdout","property_type":"house","district":"Quận Gò Vấp","geo_precision":"DISTRICT","n_total":10,"n_scored":9,"n_abstained":0,"n_excluded":1,"n_map_subjects":10,"n_unplotted":0,"medape_pct":18.42,"cases":[{"status":"estimated","district":"Quận Gò Vấp","property_type":"house","geo_precision":"DISTRICT","actual":99686028.0,"estimated":118051761.0,"abs_pct_error":0.1842,"signed_pct_error":0.1842},{"status":"estimated","district":"Quận Gò Vấp","property_type":"house","geo_precision":"DISTRICT","actual":134181818.0,"estimated":105875595.0,"abs_pct_error":0.211,"signed_pct_error":-0.211},{"status":"estimated","district":"Quận Gò Vấp","property_type":"house","geo_precision":"DISTRICT","actual":100260417.0,"estimated":101837860.0,"abs_pct_error":0.0157,"signed_pct_error":0.0157},{"status":"estimated","district":"Quận Gò Vấp","property_type":"house","geo_precision":"DISTRICT","actual":253333333.0,"estimated":104377746.0,"abs_pct_error":0.588,"signed_pct_error":-0.588},{"status":"estimated","district":"Quận Gò Vấp","property_type":"house","geo_precision":"DISTRICT","actual":115927419.0,"estimated":115973139.0,"abs_pct_error":0.0004,"signed_pct_error":0.0004},{"status":"estimated","district":"Quận Gò Vấp","property_type":"house","geo_precision":"DISTRICT","actual":68571429.0,"estimated":106273399.0,"abs_pct_error":0.5498,"signed_pct_error":0.5498},{"status":"estimated","district":"Quận Gò Vấp","property_type":"house","geo_precision":"DISTRICT","actual":65333333.0,"estimated":113693080.0,"abs_pct_error":0.7402,"signed_pct_error":0.7402},{"status":"estimated","district":"Quận Gò Vấp","property_type":"house","geo_precision":"DISTRICT","actual":110526316.0,"estimated":115617453.0,"abs_pct_error":0.0461,"signed_pct_error":0.0461},{"status":"estimated","district":"Quận Gò Vấp","property_type":"house","geo_precision":"DISTRICT","actual":102222222.0,"estimated":115174454.0,"abs_pct_error":0.1267,"signed_pct_error":0.1267},{"status":"unscored","district":"Quận Gò Vấp","property_type":"house","geo_precision":"DISTRICT","actual":null,"estimated":null,"abs_pct_error":null,"signed_pct_error":null}]}},{"type":"Feature","geometry":{"type":"Point","coordinates":[106.6776414,10.8154508]},"properties":{"kind":"district_aggregate","protocol":"district_holdout","property_type":"house","district":"Quận Gò Vấp","geo_precision":"WARD","n_total":1,"n_scored":1,"n_abstained":0,"n_excluded":0,"n_map_subjects":1,"n_unplotted":0,"medape_pct":15.82,"cases":[{"status":"estimated","district":"Quận Gò Vấp","property_type":"house","geo_precision":"WARD","actual":132456140.0,"estimated":111499111.0,"abs_pct_error":0.1582,"signed_pct_error":-0.1582}]}},{"type":"Feature","geometry":{"type":"Point","coordinates":[106.6522252,10.8030699]},"properties":{"kind":"district_aggregate","protocol":"district_holdout","property_type":"house","district":"Quận Tân Bình","geo_precision":"DISTRICT","n_total":8,"n_scored":5,"n_abstained":0,"n_excluded":3,"n_map_subjects":8,"n_unplotted":0,"medape_pct":42.03,"cases":[{"status":"estimated","district":"Quận Tân Bình","property_type":"house","geo_precision":"DISTRICT","actual":228125000.0,"estimated":110146872.0,"abs_pct_error":0.5172,"signed_pct_error":-0.5172},{"status":"estimated","district":"Quận Tân Bình","property_type":"house","geo_precision":"DISTRICT","actual":307812500.0,"estimated":105599354.0,"abs_pct_error":0.6569,"signed_pct_error":-0.6569},{"status":"estimated","district":"Quận Tân Bình","property_type":"house","geo_precision":"DISTRICT","actual":191082803.0,"estimated":110777539.0,"abs_pct_error":0.4203,"signed_pct_error":-0.4203},{"status":"estimated","district":"Quận Tân Bình","property_type":"house","geo_precision":"DISTRICT","actual":175159236.0,"estimated":110777539.0,"abs_pct_error":0.3676,"signed_pct_error":-0.3676},{"status":"unscored","district":"Quận Tân Bình","property_type":"house","geo_precision":"DISTRICT","actual":170090168.0,"estimated":null,"abs_pct_error":null,"signed_pct_error":null},{"status":"estimated","district":"Quận Tân Bình","property_type":"house","geo_precision":"DISTRICT","actual":104712042.0,"estimated":108643387.0,"abs_pct_error":0.0375,"signed_pct_error":0.0375},{"status":"unscored","district":"Quận Tân Bình","property_type":"house","geo_precision":"DISTRICT","actual":null,"estimated":null,"abs_pct_error":null,"signed_pct_error":null},{"status":"unscored","district":"Quận Tân Bình","property_type":"house","geo_precision":"DISTRICT","actual":null,"estimated":null,"abs_pct_error":null,"signed_pct_error":null}]}},{"type":"Feature","geometry":{"type":"Point","coordinates":[106.6468455,10.8044247]},"properties":{"kind":"district_aggregate","protocol":"district_holdout","property_type":"house","district":"Quận Tân Bình","geo_precision":"WARD","n_total":1,"n_scored":1,"n_abstained":0,"n_excluded":0,"n_map_subjects":1,"n_unplotted":0,"medape_pct":38.15,"cases":[{"status":"estimated","district":"Quận Tân Bình","property_type":"house","geo_precision":"WARD","actual":166111111.0,"estimated":102737025.0,"abs_pct_error":0.3815,"signed_pct_error":-0.3815}]}},{"type":"Feature","geometry":{"type":"Point","coordinates":[106.6277515,10.7918681]},"properties":{"kind":"district_aggregate","protocol":"district_holdout","property_type":"house","district":"Quận Tân Phú","geo_precision":"DISTRICT","n_total":4,"n_scored":3,"n_abstained":0,"n_excluded":1,"n_map_subjects":4,"n_unplotted":0,"medape_pct":30.04,"cases":[{"status":"unscored","district":"Quận Tân Phú","property_type":"house","geo_precision":"DISTRICT","actual":null,"estimated":null,"abs_pct_error":null,"signed_pct_error":null},{"status":"estimated","district":"Quận Tân Phú","property_type":"house","geo_precision":"DISTRICT","actual":232812500.0,"estimated":119845220.0,"abs_pct_error":0.4852,"signed_pct_error":-0.4852},{"status":"estimated","district":"Quận Tân Phú","property_type":"house","geo_precision":"DISTRICT","actual":82500000.0,"estimated":107285787.0,"abs_pct_error":0.3004,"signed_pct_error":0.3004},{"status":"estimated","district":"Quận Tân Phú","property_type":"house","geo_precision":"DISTRICT","actual":146428571.0,"estimated":109879776.0,"abs_pct_error":0.2496,"signed_pct_error":-0.2496}]}},{"type":"Feature","geometry":{"type":"Point","coordinates":[106.6221599,10.7824462]},"properties":{"kind":"district_aggregate","protocol":"district_holdout","property_type":"house","district":"Quận Tân Phú","geo_precision":"WARD","n_total":1,"n_scored":0,"n_abstained":0,"n_excluded":1,"n_map_subjects":1,"n_unplotted":0,"medape_pct":null,"cases":[{"status":"unscored","district":"Quận Tân Phú","property_type":"house","geo_precision":"WARD","actual":null,"estimated":null,"abs_pct_error":null,"signed_pct_error":null}]}},{"type":"Feature","geometry":{"type":"Point","coordinates":[106.9086984,10.396588]},"properties":{"kind":"district_aggregate","protocol":"district_holdout","property_type":"land","district":"Huyện Cần Giờ","geo_precision":"DISTRICT","n_total":2,"n_scored":2,"n_abstained":0,"n_excluded":0,"n_map_subjects":2,"n_unplotted":0,"medape_pct":328.1,"cases":[{"status":"estimated","district":"Huyện Cần Giờ","property_type":"land","geo_precision":"DISTRICT","actual":27777778.0,"estimated":79624767.0,"abs_pct_error":1.8665,"signed_pct_error":1.8665},{"status":"estimated","district":"Huyện Cần Giờ","property_type":"land","geo_precision":"DISTRICT","actual":3545455.0,"estimated":20193436.0,"abs_pct_error":4.6956,"signed_pct_error":4.6956}]}},{"type":"Feature","geometry":{"type":"Point","coordinates":[106.5760523,10.8777329]},"properties":{"kind":"district_aggregate","protocol":"district_holdout","property_type":"land","district":"Huyện Hóc Môn","geo_precision":"DISTRICT","n_total":13,"n_scored":13,"n_abstained":0,"n_excluded":0,"n_map_subjects":13,"n_unplotted":0,"medape_pct":120.73,"cases":[{"status":"estimated","district":"Huyện Hóc Môn","property_type":"land","geo_precision":"DISTRICT","actual":14400000.0,"estimated":73033097.0,"abs_pct_error":4.0717,"signed_pct_error":4.0717},{"status":"estimated","district":"Huyện Hóc Môn","property_type":"land","geo_precision":"DISTRICT","actual":37000000.0,"estimated":61062226.0,"abs_pct_error":0.6503,"signed_pct_error":0.6503},{"status":"estimated","district":"Huyện Hóc Môn","property_type":"land","geo_precision":"DISTRICT","actual":13181818.0,"estimated":20193436.0,"abs_pct_error":0.5319,"signed_pct_error":0.5319},{"status":"estimated","district":"Huyện Hóc Môn","property_type":"land","geo_precision":"DISTRICT","actual":36764706.0,"estimated":104668120.0,"abs_pct_error":1.847,"signed_pct_error":1.847},{"status":"estimated","district":"Huyện Hóc Môn","property_type":"land","geo_precision":"DISTRICT","actual":28181818.0,"estimated":7798840.0,"abs_pct_error":0.7233,"signed_pct_error":-0.7233},{"status":"estimated","district":"Huyện Hóc Môn","property_type":"land","geo_precision":"DISTRICT","actual":7997539.0,"estimated":21306448.0,"abs_pct_error":1.6641,"signed_pct_error":1.6641},{"status":"estimated","district":"Huyện Hóc Môn","property_type":"land","geo_precision":"DISTRICT","actual":6000000.0,"estimated":33708568.0,"abs_pct_error":4.6181,"signed_pct_error":4.6181},{"status":"estimated","district":"Huyện Hóc Môn","property_type":"land","geo_precision":"DISTRICT","actual":39090909.0,"estimated":41143206.0,"abs_pct_error":0.0525,"signed_pct_error":0.0525},{"status":"estimated","district":"Huyện Hóc Môn","property_type":"land","geo_precision":"DISTRICT","actual":20833333.0,"estimated":61322437.0,"abs_pct_error":1.9435,"signed_pct_error":1.9435},{"status":"estimated","district":"Huyện Hóc Môn","property_type":"land","geo_precision":"DISTRICT","actual":10000000.0,"estimated":78765770.0,"abs_pct_error":6.8766,"signed_pct_error":6.8766},{"status":"estimated","district":"Huyện Hóc Môn","property_type":"land","geo_precision":"DISTRICT","actual":10638032.0,"estimated":9764935.0,"abs_pct_error":0.0821,"signed_pct_error":-0.0821},{"status":"estimated","district":"Huyện Hóc Môn","property_type":"land","geo_precision":"DISTRICT","actual":49333333.0,"estimated":43527776.0,"abs_pct_error":0.1177,"signed_pct_error":-0.1177},{"status":"estimated","district":"Huyện Hóc Môn","property_type":"land","geo_precision":"DISTRICT","actual":22500000.0,"estimated":49665250.0,"abs_pct_error":1.2073,"signed_pct_error":1.2073}]}},{"type":"Feature","geometry":{"type":"Point","coordinates":[106.61270132,10.88133086]},"properties":{"kind":"district_aggregate","protocol":"district_holdout","property_type":"land","district":"Huyện Hóc Môn","geo_precision":"WARD","n_total":5,"n_scored":5,"n_abstained":0,"n_excluded":0,"n_map_subjects":5,"n_unplotted":0,"medape_pct":150.11,"cases":[{"status":"estimated","district":"Huyện Hóc Môn","property_type":"land","geo_precision":"WARD","actual":9538462.0,"estimated":107497383.0,"abs_pct_error":10.2699,"signed_pct_error":10.2699},{"status":"estimated","district":"Huyện Hóc Môn","property_type":"land","geo_precision":"WARD","actual":38888889.0,"estimated":88685858.0,"abs_pct_error":1.2805,"signed_pct_error":1.2805},{"status":"estimated","district":"Huyện Hóc Môn","property_type":"land","geo_precision":"WARD","actual":20000000.0,"estimated":59860377.0,"abs_pct_error":1.993,"signed_pct_error":1.993},{"status":"estimated","district":"Huyện Hóc Môn","property_type":"land","geo_precision":"WARD","actual":29200000.0,"estimated":73033097.0,"abs_pct_error":1.5011,"signed_pct_error":1.5011},{"status":"estimated","district":"Huyện Hóc Môn","property_type":"land","geo_precision":"WARD","actual":64000000.0,"estimated":14181806.0,"abs_pct_error":0.7784,"signed_pct_error":-0.7784}]}},{"type":"Feature","geometry":{"type":"Point","coordinates":[106.7040393,10.812271]},"properties":{"kind":"district_aggregate","protocol":"district_holdout","property_type":"land","district":"Quận Bình Thạnh","geo_precision":"DISTRICT","n_total":2,"n_scored":1,"n_abstained":0,"n_excluded":1,"n_map_subjects":2,"n_unplotted":0,"medape_pct":78.38,"cases":[{"status":"estimated","district":"Quận Bình Thạnh","property_type":"land","geo_precision":"DISTRICT","actual":214887018.0,"estimated":46461051.0,"abs_pct_error":0.7838,"signed_pct_error":-0.7838},{"status":"unscored","district":"Quận Bình Thạnh","property_type":"land","geo_precision":"DISTRICT","actual":null,"estimated":null,"abs_pct_error":null,"signed_pct_error":null}]}},{"type":"Feature","geometry":{"type":"Point","coordinates":[106.6785356,10.78035785]},"properties":{"kind":"district_aggregate","protocol":"district_holdout","property_type":"land","district":"Quận Bình Thạnh","geo_precision":"WARD","n_total":8,"n_scored":8,"n_abstained":0,"n_excluded":0,"n_map_subjects":8,"n_unplotted":0,"medape_pct":69.85,"cases":[{"status":"estimated","district":"Quận Bình Thạnh","property_type":"land","geo_precision":"WARD","actual":63116883.0,"estimated":97253290.0,"abs_pct_error":0.5408,"signed_pct_error":0.5408},{"status":"estimated","district":"Quận Bình Thạnh","property_type":"land","geo_precision":"WARD","actual":172317954.0,"estimated":43927961.0,"abs_pct_error":0.7451,"signed_pct_error":-0.7451},{"status":"estimated","district":"Quận Bình Thạnh","property_type":"land","geo_precision":"WARD","actual":141666667.0,"estimated":74816894.0,"abs_pct_error":0.4719,"signed_pct_error":-0.4719},{"status":"estimated","district":"Quận Bình Thạnh","property_type":"land","geo_precision":"WARD","actual":201923077.0,"estimated":39999701.0,"abs_pct_error":0.8019,"signed_pct_error":-0.8019},{"status":"estimated","district":"Quận Bình Thạnh","property_type":"land","geo_precision":"WARD","actual":165000000.0,"estimated":83330861.0,"abs_pct_error":0.495,"signed_pct_error":-0.495},{"status":"estimated","district":"Quận Bình Thạnh","property_type":"land","geo_precision":"WARD","actual":166795966.0,"estimated":47608589.0,"abs_pct_error":0.7146,"signed_pct_error":-0.7146},{"status":"estimated","district":"Quận Bình Thạnh","property_type":"land","geo_precision":"WARD","actual":140724947.0,"estimated":44677340.0,"abs_pct_error":0.6825,"signed_pct_error":-0.6825},{"status":"estimated","district":"Quận Bình Thạnh","property_type":"land","geo_precision":"WARD","actual":292452830.0,"estimated":71438094.0,"abs_pct_error":0.7557,"signed_pct_error":-0.7557}]}},{"type":"Feature","geometry":{"type":"Point","coordinates":[106.5995759,10.7703543]},"properties":{"kind":"district_aggregate","protocol":"district_holdout","property_type":"land","district":"Quận Bình Tân","geo_precision":"DISTRICT","n_total":17,"n_scored":15,"n_abstained":0,"n_excluded":2,"n_map_subjects":17,"n_unplotted":0,"medape_pct":20.28,"cases":[{"status":"estimated","district":"Quận Bình Tân","property_type":"land","geo_precision":"DISTRICT","actual":58064516.0,"estimated":81001968.0,"abs_pct_error":0.395,"signed_pct_error":0.395},{"status":"estimated","district":"Quận Bình Tân","property_type":"land","geo_precision":"DISTRICT","actual":83571429.0,"estimated":102889877.0,"abs_pct_error":0.2312,"signed_pct_error":0.2312},{"status":"estimated","district":"Quận Bình Tân","property_type":"land","geo_precision":"DISTRICT","actual":44699872.0,"estimated":51433830.0,"abs_pct_error":0.1506,"signed_pct_error":0.1506},{"status":"estimated","district":"Quận Bình Tân","property_type":"land","geo_precision":"DISTRICT","actual":55555556.0,"estimated":79326668.0,"abs_pct_error":0.4279,"signed_pct_error":0.4279},{"status":"estimated","district":"Quận Bình Tân","property_type":"land","geo_precision":"DISTRICT","actual":61428571.0,"estimated":66123378.0,"abs_pct_error":0.0764,"signed_pct_error":0.0764},{"status":"estimated","district":"Quận Bình Tân","property_type":"land","geo_precision":"DISTRICT","actual":18125000.0,"estimated":95080624.0,"abs_pct_error":4.2458,"signed_pct_error":4.2458},{"status":"estimated","district":"Quận Bình Tân","property_type":"land","geo_precision":"DISTRICT","actual":87804878.0,"estimated":93702862.0,"abs_pct_error":0.0672,"signed_pct_error":0.0672},{"status":"estimated","district":"Quận Bình Tân","property_type":"land","geo_precision":"DISTRICT","actual":46153846.0,"estimated":88108462.0,"abs_pct_error":0.909,"signed_pct_error":0.909},{"status":"estimated","district":"Quận Bình Tân","property_type":"land","geo_precision":"DISTRICT","actual":76562500.0,"estimated":72700230.0,"abs_pct_error":0.0504,"signed_pct_error":-0.0504},{"status":"estimated","district":"Quận Bình Tân","property_type":"land","geo_precision":"DISTRICT","actual":69642857.0,"estimated":117397487.0,"abs_pct_error":0.6857,"signed_pct_error":0.6857},{"status":"unscored","district":"Quận Bình Tân","property_type":"land","geo_precision":"DISTRICT","actual":null,"estimated":null,"abs_pct_error":null,"signed_pct_error":null},{"status":"estimated","district":"Quận Bình Tân","property_type":"land","geo_precision":"DISTRICT","actual":108235294.0,"estimated":91733565.0,"abs_pct_error":0.1525,"signed_pct_error":-0.1525},{"status":"estimated","district":"Quận Bình Tân","property_type":"land","geo_precision":"DISTRICT","actual":116666667.0,"estimated":88685858.0,"abs_pct_error":0.2398,"signed_pct_error":-0.2398},{"status":"estimated","district":"Quận Bình Tân","property_type":"land","geo_precision":"DISTRICT","actual":107500000.0,"estimated":114623240.0,"abs_pct_error":0.0663,"signed_pct_error":0.0663},{"status":"estimated","district":"Quận Bình Tân","property_type":"land","geo_precision":"DISTRICT","actual":88888889.0,"estimated":106914111.0,"abs_pct_error":0.2028,"signed_pct_error":0.2028},{"status":"unscored","district":"Quận Bình Tân","property_type":"land","geo_precision":"DISTRICT","actual":null,"estimated":null,"abs_pct_error":null,"signed_pct_error":null},{"status":"estimated","district":"Quận Bình Tân","property_type":"land","geo_precision":"DISTRICT","actual":79338843.0,"estimated":74450767.0,"abs_pct_error":0.0616,"signed_pct_error":-0.0616}]}},{"type":"Feature","geometry":{"type":"Point","coordinates":[106.5918016,10.7510379]},"properties":{"kind":"district_aggregate","protocol":"district_holdout","property_type":"land","district":"Quận Bình Tân","geo_precision":"WARD","n_total":3,"n_scored":3,"n_abstained":0,"n_excluded":0,"n_map_subjects":3,"n_unplotted":0,"medape_pct":42.28,"cases":[{"status":"estimated","district":"Quận Bình Tân","property_type":"land","geo_precision":"WARD","actual":68000000.0,"estimated":125531557.0,"abs_pct_error":0.8461,"signed_pct_error":0.8461},{"status":"estimated","district":"Quận Bình Tân","property_type":"land","geo_precision":"WARD","actual":93750000.0,"estimated":72016354.0,"abs_pct_error":0.2318,"signed_pct_error":-0.2318},{"status":"estimated","district":"Quận Bình Tân","property_type":"land","geo_precision":"WARD","actual":68000000.0,"estimated":96747170.0,"abs_pct_error":0.4228,"signed_pct_error":0.4228}]}},{"type":"Feature","geometry":{"type":"Point","coordinates":[106.6797643,10.8010061]},"properties":{"kind":"district_aggregate","protocol":"district_holdout","property_type":"land","district":"Quận Phú Nhuận","geo_precision":"DISTRICT","n_total":3,"n_scored":2,"n_abstained":0,"n_excluded":1,"n_map_subjects":3,"n_unplotted":0,"medape_pct":70.65,"cases":[{"status":"estimated","district":"Quận Phú Nhuận","property_type":"land","geo_precision":"DISTRICT","actual":133460439.0,"estimated":54285335.0,"abs_pct_error":0.5932,"signed_pct_error":-0.5932},{"status":"unscored","district":"Quận Phú Nhuận","property_type":"land","geo_precision":"DISTRICT","actual":null,"estimated":null,"abs_pct_error":null,"signed_pct_error":null},{"status":"estimated","district":"Quận Phú Nhuận","property_type":"land","geo_precision":"DISTRICT","actual":311111111.0,"estimated":56085409.0,"abs_pct_error":0.8197,"signed_pct_error":-0.8197}]}},{"type":"Feature","geometry":{"type":"Point","coordinates":[106.68385638333334,10.800858666666667]},"properties":{"kind":"district_aggregate","protocol":"district_holdout","property_type":"land","district":"Quận Phú Nhuận","geo_precision":"WARD","n_total":6,"n_scored":4,"n_abstained":0,"n_excluded":2,"n_map_subjects":6,"n_unplotted":0,"medape_pct":69.63,"cases":[{"status":"estimated","district":"Quận Phú Nhuận","property_type":"land","geo_precision":"WARD","actual":107724426.0,"estimated":66498819.0,"abs_pct_error":0.3827,"signed_pct_error":-0.3827},{"status":"unscored","district":"Quận Phú Nhuận","property_type":"land","geo_precision":"WARD","actual":null,"estimated":null,"abs_pct_error":null,"signed_pct_error":null},{"status":"estimated","district":"Quận Phú Nhuận","property_type":"land","geo_precision":"WARD","actual":339285714.0,"estimated":78671315.0,"abs_pct_error":0.7681,"signed_pct_error":-0.7681},{"status":"estimated","district":"Quận Phú Nhuận","property_type":"land","geo_precision":"WARD","actual":84033613.0,"estimated":31564323.0,"abs_pct_error":0.6244,"signed_pct_error":-0.6244},{"status":"estimated","district":"Quận Phú Nhuận","property_type":"land","geo_precision":"WARD","actual":343750000.0,"estimated":69720511.0,"abs_pct_error":0.7972,"signed_pct_error":-0.7972},{"status":"unscored","district":"Quận Phú Nhuận","property_type":"land","geo_precision":"WARD","actual":null,"estimated":null,"abs_pct_error":null,"signed_pct_error":null}]}},{"type":"Feature","geometry":{"type":"Point","coordinates":[106.6634764,10.8079428]},"properties":{"kind":"district_aggregate","protocol":"district_holdout","property_type":"land","district":"Quận Tân Bình","geo_precision":"WARD","n_total":1,"n_scored":1,"n_abstained":0,"n_excluded":0,"n_map_subjects":1,"n_unplotted":0,"medape_pct":25.78,"cases":[{"status":"estimated","district":"Quận Tân Bình","property_type":"land","geo_precision":"WARD","actual":120000000.0,"estimated":150933126.0,"abs_pct_error":0.2578,"signed_pct_error":0.2578}]}},{"type":"Feature","geometry":{"type":"Point","coordinates":[106.5909297,10.6950833]},"properties":{"kind":"district_aggregate","protocol":"within_district","property_type":"apartment","district":"Huyện Bình Chánh","geo_precision":"DISTRICT","n_total":2,"n_scored":2,"n_abstained":0,"n_excluded":0,"n_map_subjects":2,"n_unplotted":0,"medape_pct":66.52,"cases":[{"status":"estimated","district":"Huyện Bình Chánh","property_type":"apartment","geo_precision":"DISTRICT","actual":19298246.0,"estimated":40230256.0,"abs_pct_error":1.0847,"signed_pct_error":1.0847},{"status":"estimated","district":"Huyện Bình Chánh","property_type":"apartment","geo_precision":"DISTRICT","actual":69696970.0,"estimated":52565136.0,"abs_pct_error":0.2458,"signed_pct_error":-0.2458}]}},{"type":"Feature","geometry":{"type":"Point","coordinates":[106.7258641,10.6510014]},"properties":{"kind":"district_aggregate","protocol":"within_district","property_type":"apartment","district":"Huyện Nhà Bè","geo_precision":"DISTRICT","n_total":2,"n_scored":2,"n_abstained":0,"n_excluded":0,"n_map_subjects":2,"n_unplotted":0,"medape_pct":3.91,"cases":[{"status":"estimated","district":"Huyện Nhà Bè","property_type":"apartment","geo_precision":"DISTRICT","actual":72115385.0,"estimated":71384106.0,"abs_pct_error":0.0101,"signed_pct_error":-0.0101},{"status":"estimated","district":"Huyện Nhà Bè","property_type":"apartment","geo_precision":"DISTRICT","actual":67142857.0,"estimated":71715785.0,"abs_pct_error":0.0681,"signed_pct_error":0.0681}]}},{"type":"Feature","geometry":{"type":"Point","coordinates":[106.6950654,10.7618339]},"properties":{"kind":"district_aggregate","protocol":"within_district","property_type":"apartment","district":"Quận 1","geo_precision":"WARD","n_total":1,"n_scored":1,"n_abstained":0,"n_excluded":0,"n_map_subjects":1,"n_unplotted":0,"medape_pct":19.81,"cases":[{"status":"estimated","district":"Quận 1","property_type":"apartment","geo_precision":"WARD","actual":69767442.0,"estimated":55944125.0,"abs_pct_error":0.1981,"signed_pct_error":-0.1981}]}},{"type":"Feature","geometry":{"type":"Point","coordinates":[106.6476075,10.7656296]},"properties":{"kind":"district_aggregate","protocol":"within_district","property_type":"apartment","district":"Quận 11","geo_precision":"DISTRICT","n_total":1,"n_scored":1,"n_abstained":0,"n_excluded":0,"n_map_subjects":1,"n_unplotted":0,"medape_pct":2.23,"cases":[{"status":"estimated","district":"Quận 11","property_type":"apartment","geo_precision":"DISTRICT","actual":56153846.0,"estimated":57407876.0,"abs_pct_error":0.0223,"signed_pct_error":0.0223}]}},{"type":"Feature","geometry":{"type":"Point","coordinates":[106.6544302,10.7730701]},"properties":{"kind":"district_aggregate","protocol":"within_district","property_type":"apartment","district":"Quận 11","geo_precision":"WARD","n_total":1,"n_scored":0,"n_abstained":0,"n_excluded":1,"n_map_subjects":1,"n_unplotted":0,"medape_pct":null,"cases":[{"status":"unscored","district":"Quận 11","property_type":"apartment","geo_precision":"WARD","actual":55111663.0,"estimated":null,"abs_pct_error":null,"signed_pct_error":null}]}},{"type":"Feature","geometry":{"type":"Point","coordinates":[106.6642083,10.8612652]},"properties":{"kind":"district_aggregate","protocol":"within_district","property_type":"apartment","district":"Quận 12","geo_precision":"DISTRICT","n_total":2,"n_scored":2,"n_abstained":0,"n_excluded":0,"n_map_subjects":2,"n_unplotted":0,"medape_pct":15.54,"cases":[{"status":"estimated","district":"Quận 12","property_type":"apartment","geo_precision":"DISTRICT","actual":41379310.0,"estimated":36424490.0,"abs_pct_error":0.1197,"signed_pct_error":-0.1197},{"status":"estimated","district":"Quận 12","property_type":"apartment","geo_precision":"DISTRICT","actual":50000000.0,"estimated":40446674.0,"abs_pct_error":0.1911,"signed_pct_error":-0.1911}]}},{"type":"Feature","geometry":{"type":"Point","coordinates":[106.625859,10.8430984]},"properties":{"kind":"district_aggregate","protocol":"within_district","property_type":"apartment","district":"Quận 12","geo_precision":"WARD","n_total":1,"n_scored":1,"n_abstained":0,"n_excluded":0,"n_map_subjects":1,"n_unplotted":0,"medape_pct":32.94,"cases":[{"status":"estimated","district":"Quận 12","property_type":"apartment","geo_precision":"WARD","actual":25000000.0,"estimated":33233836.0,"abs_pct_error":0.3294,"signed_pct_error":0.3294}]}},{"type":"Feature","geometry":{"type":"Point","coordinates":[106.71955545,10.76810665]},"properties":{"kind":"district_aggregate","protocol":"within_district","property_type":"apartment","district":"Quận 4","geo_precision":"WARD","n_total":2,"n_scored":2,"n_abstained":0,"n_excluded":0,"n_map_subjects":2,"n_unplotted":0,"medape_pct":65.47,"cases":[{"status":"estimated","district":"Quận 4","property_type":"apartment","geo_precision":"WARD","actual":27039474.0,"estimated":60077601.0,"abs_pct_error":1.2218,"signed_pct_error":1.2218},{"status":"estimated","district":"Quận 4","property_type":"apartment","geo_precision":"WARD","actual":67500000.0,"estimated":61589083.0,"abs_pct_error":0.0876,"signed_pct_error":-0.0876}]}},{"type":"Feature","geometry":{"type":"Point","coordinates":[106.6730492,10.7589554]},"properties":{"kind":"district_aggregate","protocol":"within_district","property_type":"apartment","district":"Quận 5","geo_precision":"WARD","n_total":1,"n_scored":1,"n_abstained":0,"n_excluded":0,"n_map_subjects":1,"n_unplotted":0,"medape_pct":3.32,"cases":[{"status":"estimated","district":"Quận 5","property_type":"apartment","geo_precision":"WARD","actual":38541667.0,"estimated":39819468.0,"abs_pct_error":0.0332,"signed_pct_error":0.0332}]}},{"type":"Feature","geometry":{"type":"Point","coordinates":[106.729695,10.73785]},"properties":{"kind":"district_aggregate","protocol":"within_district","property_type":"apartment","district":"Quận 7","geo_precision":"DISTRICT","n_total":1,"n_scored":1,"n_abstained":0,"n_excluded":0,"n_map_subjects":1,"n_unplotted":0,"medape_pct":32.05,"cases":[{"status":"estimated","district":"Quận 7","property_type":"apartment","geo_precision":"DISTRICT","actual":89714286.0,"estimated":60957591.0,"abs_pct_error":0.3205,"signed_pct_error":-0.3205}]}},{"type":"Feature","geometry":{"type":"Point","coordinates":[106.71941724999999,10.73124175]},"properties":{"kind":"district_aggregate","protocol":"within_district","property_type":"apartment","district":"Quận 7","geo_precision":"WARD","n_total":2,"n_scored":2,"n_abstained":0,"n_excluded":0,"n_map_subjects":2,"n_unplotted":0,"medape_pct":118.53,"cases":[{"status":"estimated","district":"Quận 7","property_type":"apartment","geo_precision":"WARD","actual":72463768.0,"estimated":60534181.0,"abs_pct_error":0.1646,"signed_pct_error":-0.1646},{"status":"estimated","district":"Quận 7","property_type":"apartment","geo_precision":"WARD","actual":22600000.0,"estimated":72454538.0,"abs_pct_error":2.206,"signed_pct_error":2.206}]}},{"type":"Feature","geometry":{"type":"Point","coordinates":[106.63272933333333,10.7227949]},"properties":{"kind":"district_aggregate","protocol":"within_district","property_type":"apartment","district":"Quận 8","geo_precision":"WARD","n_total":3,"n_scored":3,"n_abstained":0,"n_excluded":0,"n_map_subjects":3,"n_unplotted":0,"medape_pct":41.76,"cases":[{"status":"estimated","district":"Quận 8","property_type":"apartment","geo_precision":"WARD","actual":18013699.0,"estimated":44801506.0,"abs_pct_error":1.4871,"signed_pct_error":1.4871},{"status":"estimated","district":"Quận 8","property_type":"apartment","geo_precision":"WARD","actual":50000000.0,"estimated":29121140.0,"abs_pct_error":0.4176,"signed_pct_error":-0.4176},{"status":"estimated","district":"Quận 8","property_type":"apartment","geo_precision":"WARD","actual":40000000.0,"estimated":46833504.0,"abs_pct_error":0.1708,"signed_pct_error":0.1708}]}},{"type":"Feature","geometry":{"type":"Point","coordinates":[106.7040393,10.812271]},"properties":{"kind":"district_aggregate","protocol":"within_district","property_type":"apartment","district":"Quận Bình Thạnh","geo_precision":"DISTRICT","n_total":1,"n_scored":1,"n_abstained":0,"n_excluded":0,"n_map_subjects":1,"n_unplotted":0,"medape_pct":11.17,"cases":[{"status":"estimated","district":"Quận Bình Thạnh","property_type":"apartment","geo_precision":"DISTRICT","actual":57142857.0,"estimated":63525611.0,"abs_pct_error":0.1117,"signed_pct_error":0.1117}]}},{"type":"Feature","geometry":{"type":"Point","coordinates":[106.674270275,10.782297525]},"properties":{"kind":"district_aggregate","protocol":"within_district","property_type":"apartment","district":"Quận Bình Thạnh","geo_precision":"WARD","n_total":4,"n_scored":4,"n_abstained":0,"n_excluded":0,"n_map_subjects":4,"n_unplotted":0,"medape_pct":31.44,"cases":[{"status":"estimated","district":"Quận Bình Thạnh","property_type":"apartment","geo_precision":"WARD","actual":70129870.0,"estimated":70010994.0,"abs_pct_error":0.0017,"signed_pct_error":-0.0017},{"status":"estimated","district":"Quận Bình Thạnh","property_type":"apartment","geo_precision":"WARD","actual":216463415.0,"estimated":100978161.0,"abs_pct_error":0.5335,"signed_pct_error":-0.5335},{"status":"estimated","district":"Quận Bình Thạnh","property_type":"apartment","geo_precision":"WARD","actual":46153846.0,"estimated":64494667.0,"abs_pct_error":0.3974,"signed_pct_error":0.3974},{"status":"estimated","district":"Quận Bình Thạnh","property_type":"apartment","geo_precision":"WARD","actual":54285714.0,"estimated":66852053.0,"abs_pct_error":0.2315,"signed_pct_error":0.2315}]}},{"type":"Feature","geometry":{"type":"Point","coordinates":[106.5995759,10.7703543]},"properties":{"kind":"district_aggregate","protocol":"within_district","property_type":"apartment","district":"Quận Bình Tân","geo_precision":"DISTRICT","n_total":3,"n_scored":3,"n_abstained":0,"n_excluded":0,"n_map_subjects":3,"n_unplotted":0,"medape_pct":26.24,"cases":[{"status":"estimated","district":"Quận Bình Tân","property_type":"apartment","geo_precision":"DISTRICT","actual":35542169.0,"estimated":45085135.0,"abs_pct_error":0.2685,"signed_pct_error":0.2685},{"status":"estimated","district":"Quận Bình Tân","property_type":"apartment","geo_precision":"DISTRICT","actual":33561644.0,"estimated":42366673.0,"abs_pct_error":0.2624,"signed_pct_error":0.2624},{"status":"estimated","district":"Quận Bình Tân","property_type":"apartment","geo_precision":"DISTRICT","actual":41176471.0,"estimated":40935248.0,"abs_pct_error":0.0059,"signed_pct_error":-0.0059}]}},{"type":"Feature","geometry":{"type":"Point","coordinates":[106.5918016,10.7510379]},"properties":{"kind":"district_aggregate","protocol":"within_district","property_type":"apartment","district":"Quận Bình Tân","geo_precision":"WARD","n_total":3,"n_scored":2,"n_abstained":0,"n_excluded":1,"n_map_subjects":3,"n_unplotted":0,"medape_pct":25.69,"cases":[{"status":"estimated","district":"Quận Bình Tân","property_type":"apartment","geo_precision":"WARD","actual":39682540.0,"estimated":39448452.0,"abs_pct_error":0.0059,"signed_pct_error":-0.0059},{"status":"estimated","district":"Quận Bình Tân","property_type":"apartment","geo_precision":"WARD","actual":19596542.0,"estimated":29550138.0,"abs_pct_error":0.5079,"signed_pct_error":0.5079},{"status":"unscored","district":"Quận Bình Tân","property_type":"apartment","geo_precision":"WARD","actual":null,"estimated":null,"abs_pct_error":null,"signed_pct_error":null}]}},{"type":"Feature","geometry":{"type":"Point","coordinates":[106.6740337,10.8353538]},"properties":{"kind":"district_aggregate","protocol":"within_district","property_type":"apartment","district":"Quận Gò Vấp","geo_precision":"DISTRICT","n_total":2,"n_scored":2,"n_abstained":0,"n_excluded":0,"n_map_subjects":2,"n_unplotted":0,"medape_pct":8.53,"cases":[{"status":"estimated","district":"Quận Gò Vấp","property_type":"apartment","geo_precision":"DISTRICT","actual":40166667.0,"estimated":46093055.0,"abs_pct_error":0.1475,"signed_pct_error":0.1475},{"status":"estimated","district":"Quận Gò Vấp","property_type":"apartment","geo_precision":"DISTRICT","actual":58947368.0,"estimated":57585425.0,"abs_pct_error":0.0231,"signed_pct_error":-0.0231}]}},{"type":"Feature","geometry":{"type":"Point","coordinates":[106.6776414,10.8154508]},"properties":{"kind":"district_aggregate","protocol":"within_district","property_type":"apartment","district":"Quận Gò Vấp","geo_precision":"WARD","n_total":1,"n_scored":1,"n_abstained":0,"n_excluded":0,"n_map_subjects":1,"n_unplotted":0,"medape_pct":4.97,"cases":[{"status":"estimated","district":"Quận Gò Vấp","property_type":"apartment","geo_precision":"WARD","actual":40200000.0,"estimated":42196693.0,"abs_pct_error":0.0497,"signed_pct_error":0.0497}]}},{"type":"Feature","geometry":{"type":"Point","coordinates":[106.6797643,10.8010061]},"properties":{"kind":"district_aggregate","protocol":"within_district","property_type":"apartment","district":"Quận Phú Nhuận","geo_precision":"DISTRICT","n_total":2,"n_scored":2,"n_abstained":0,"n_excluded":0,"n_map_subjects":2,"n_unplotted":0,"medape_pct":14.11,"cases":[{"status":"estimated","district":"Quận Phú Nhuận","property_type":"apartment","geo_precision":"DISTRICT","actual":69892473.0,"estimated":57172837.0,"abs_pct_error":0.182,"signed_pct_error":-0.182},{"status":"estimated","district":"Quận Phú Nhuận","property_type":"apartment","geo_precision":"DISTRICT","actual":68623853.0,"estimated":61742962.0,"abs_pct_error":0.1003,"signed_pct_error":-0.1003}]}},{"type":"Feature","geometry":{"type":"Point","coordinates":[106.6522252,10.8030699]},"properties":{"kind":"district_aggregate","protocol":"within_district","property_type":"apartment","district":"Quận Tân Bình","geo_precision":"DISTRICT","n_total":1,"n_scored":1,"n_abstained":0,"n_excluded":0,"n_map_subjects":1,"n_unplotted":0,"medape_pct":2.27,"cases":[{"status":"estimated","district":"Quận Tân Bình","property_type":"apartment","geo_precision":"DISTRICT","actual":49791667.0,"estimated":48660214.0,"abs_pct_error":0.0227,"signed_pct_error":-0.0227}]}},{"type":"Feature","geometry":{"type":"Point","coordinates":[106.67464484999999,10.8039494]},"properties":{"kind":"district_aggregate","protocol":"within_district","property_type":"apartment","district":"Quận Tân Bình","geo_precision":"WARD","n_total":6,"n_scored":6,"n_abstained":0,"n_excluded":0,"n_map_subjects":6,"n_unplotted":0,"medape_pct":5.92,"cases":[{"status":"estimated","district":"Quận Tân Bình","property_type":"apartment","geo_precision":"WARD","actual":86206897.0,"estimated":53331896.0,"abs_pct_error":0.3814,"signed_pct_error":-0.3814},{"status":"estimated","district":"Quận Tân Bình","property_type":"apartment","geo_precision":"WARD","actual":62521271.0,"estimated":63072075.0,"abs_pct_error":0.0088,"signed_pct_error":0.0088},{"status":"estimated","district":"Quận Tân Bình","property_type":"apartment","geo_precision":"WARD","actual":50000000.0,"estimated":49632049.0,"abs_pct_error":0.0074,"signed_pct_error":-0.0074},{"status":"estimated","district":"Quận Tân Bình","property_type":"apartment","geo_precision":"WARD","actual":40166667.0,"estimated":54214977.0,"abs_pct_error":0.3498,"signed_pct_error":0.3498},{"status":"estimated","district":"Quận Tân Bình","property_type":"apartment","geo_precision":"WARD","actual":58783784.0,"estimated":60012344.0,"abs_pct_error":0.0209,"signed_pct_error":0.0209},{"status":"estimated","district":"Quận Tân Bình","property_type":"apartment","geo_precision":"WARD","actual":55000000.0,"estimated":49632049.0,"abs_pct_error":0.0976,"signed_pct_error":-0.0976}]}},{"type":"Feature","geometry":{"type":"Point","coordinates":[106.6277515,10.7918681]},"properties":{"kind":"district_aggregate","protocol":"within_district","property_type":"apartment","district":"Quận Tân Phú","geo_precision":"DISTRICT","n_total":4,"n_scored":3,"n_abstained":0,"n_excluded":1,"n_map_subjects":4,"n_unplotted":0,"medape_pct":1.19,"cases":[{"status":"estimated","district":"Quận Tân Phú","property_type":"apartment","geo_precision":"DISTRICT","actual":56451613.0,"estimated":56188976.0,"abs_pct_error":0.0047,"signed_pct_error":-0.0047},{"status":"estimated","district":"Quận Tân Phú","property_type":"apartment","geo_precision":"DISTRICT","actual":59027778.0,"estimated":49637223.0,"abs_pct_error":0.1591,"signed_pct_error":-0.1591},{"status":"unscored","district":"Quận Tân Phú","property_type":"apartment","geo_precision":"DISTRICT","actual":49473039.0,"estimated":null,"abs_pct_error":null,"signed_pct_error":null},{"status":"estimated","district":"Quận Tân Phú","property_type":"apartment","geo_precision":"DISTRICT","actual":54945055.0,"estimated":55600337.0,"abs_pct_error":0.0119,"signed_pct_error":0.0119}]}},{"type":"Feature","geometry":{"type":"Point","coordinates":[106.6968881875,10.810645175]},"properties":{"kind":"district_aggregate","protocol":"within_district","property_type":"apartment","district":"Quận Tân Phú","geo_precision":"WARD","n_total":8,"n_scored":8,"n_abstained":0,"n_excluded":0,"n_map_subjects":8,"n_unplotted":0,"medape_pct":18.57,"cases":[{"status":"estimated","district":"Quận Tân Phú","property_type":"apartment","geo_precision":"WARD","actual":40776699.0,"estimated":59038765.0,"abs_pct_error":0.4479,"signed_pct_error":0.4479},{"status":"estimated","district":"Quận Tân Phú","property_type":"apartment","geo_precision":"WARD","actual":48437500.0,"estimated":46884373.0,"abs_pct_error":0.0321,"signed_pct_error":-0.0321},{"status":"estimated","district":"Quận Tân Phú","property_type":"apartment","geo_precision":"WARD","actual":43548387.0,"estimated":46168820.0,"abs_pct_error":0.0602,"signed_pct_error":0.0602},{"status":"estimated","district":"Quận Tân Phú","property_type":"apartment","geo_precision":"WARD","actual":29411765.0,"estimated":53793236.0,"abs_pct_error":0.829,"signed_pct_error":0.829},{"status":"estimated","district":"Quận Tân Phú","property_type":"apartment","geo_precision":"WARD","actual":40789474.0,"estimated":50954462.0,"abs_pct_error":0.2492,"signed_pct_error":0.2492},{"status":"estimated","district":"Quận Tân Phú","property_type":"apartment","geo_precision":"WARD","actual":48750000.0,"estimated":52236417.0,"abs_pct_error":0.0715,"signed_pct_error":0.0715},{"status":"estimated","district":"Quận Tân Phú","property_type":"apartment","geo_precision":"WARD","actual":54807692.0,"estimated":42397929.0,"abs_pct_error":0.2264,"signed_pct_error":-0.2264},{"status":"estimated","district":"Quận Tân Phú","property_type":"apartment","geo_precision":"WARD","actual":45625000.0,"estimated":52236417.0,"abs_pct_error":0.1449,"signed_pct_error":0.1449}]}},{"type":"Feature","geometry":{"type":"Point","coordinates":[106.6605852,10.8052466]},"properties":{"kind":"district_aggregate","protocol":"within_district","property_type":"apartment","district":"Thành phố Thủ Đức","geo_precision":"DISTRICT","n_total":1,"n_scored":1,"n_abstained":0,"n_excluded":0,"n_map_subjects":1,"n_unplotted":0,"medape_pct":44.05,"cases":[{"status":"estimated","district":"Thành phố Thủ Đức","property_type":"apartment","geo_precision":"DISTRICT","actual":122972973.0,"estimated":68798805.0,"abs_pct_error":0.4405,"signed_pct_error":-0.4405}]}},{"type":"Feature","geometry":{"type":"Point","coordinates":[106.72217003333333,10.846847733333334]},"properties":{"kind":"district_aggregate","protocol":"within_district","property_type":"apartment","district":"Thành phố Thủ Đức","geo_precision":"WARD","n_total":3,"n_scored":3,"n_abstained":0,"n_excluded":0,"n_map_subjects":3,"n_unplotted":0,"medape_pct":6.62,"cases":[{"status":"estimated","district":"Thành phố Thủ Đức","property_type":"apartment","geo_precision":"WARD","actual":41666667.0,"estimated":44425699.0,"abs_pct_error":0.0662,"signed_pct_error":0.0662},{"status":"estimated","district":"Thành phố Thủ Đức","property_type":"apartment","geo_precision":"WARD","actual":44062500.0,"estimated":45836556.0,"abs_pct_error":0.0403,"signed_pct_error":0.0403},{"status":"estimated","district":"Thành phố Thủ Đức","property_type":"apartment","geo_precision":"WARD","actual":63500000.0,"estimated":56898722.0,"abs_pct_error":0.104,"signed_pct_error":-0.104}]}},{"type":"Feature","geometry":{"type":"Point","coordinates":[106.6996264,10.7753939]},"properties":{"kind":"district_aggregate","protocol":"within_district","property_type":"house","district":"Quận 1","geo_precision":"DISTRICT","n_total":2,"n_scored":2,"n_abstained":0,"n_excluded":0,"n_map_subjects":2,"n_unplotted":0,"medape_pct":36.24,"cases":[{"status":"estimated","district":"Quận 1","property_type":"house","geo_precision":"DISTRICT","actual":210526316.0,"estimated":291163674.0,"abs_pct_error":0.383,"signed_pct_error":0.383},{"status":"estimated","district":"Quận 1","property_type":"house","geo_precision":"DISTRICT","actual":496760259.0,"estimated":326983304.0,"abs_pct_error":0.3418,"signed_pct_error":-0.3418}]}},{"type":"Feature","geometry":{"type":"Point","coordinates":[106.6469957,10.7716986]},"properties":{"kind":"district_aggregate","protocol":"within_district","property_type":"house","district":"Quận 10","geo_precision":"WARD","n_total":1,"n_scored":1,"n_abstained":0,"n_excluded":0,"n_map_subjects":1,"n_unplotted":0,"medape_pct":64.55,"cases":[{"status":"estimated","district":"Quận 10","property_type":"house","geo_precision":"WARD","actual":185185185.0,"estimated":304717436.0,"abs_pct_error":0.6455,"signed_pct_error":0.6455}]}},{"type":"Feature","geometry":{"type":"Point","coordinates":[106.65229003333333,10.766852366666667]},"properties":{"kind":"district_aggregate","protocol":"within_district","property_type":"house","district":"Quận 11","geo_precision":"WARD","n_total":3,"n_scored":3,"n_abstained":0,"n_excluded":0,"n_map_subjects":3,"n_unplotted":0,"medape_pct":15.83,"cases":[{"status":"estimated","district":"Quận 11","property_type":"house","geo_precision":"WARD","actual":190243902.0,"estimated":173440436.0,"abs_pct_error":0.0883,"signed_pct_error":-0.0883},{"status":"estimated","district":"Quận 11","property_type":"house","geo_precision":"WARD","actual":276785714.0,"estimated":177975245.0,"abs_pct_error":0.357,"signed_pct_error":-0.357},{"status":"estimated","district":"Quận 11","property_type":"house","geo_precision":"WARD","actual":188732394.0,"estimated":158865244.0,"abs_pct_error":0.1583,"signed_pct_error":-0.1583}]}},{"type":"Feature","geometry":{"type":"Point","coordinates":[106.6642083,10.8612652]},"properties":{"kind":"district_aggregate","protocol":"within_district","property_type":"house","district":"Quận 12","geo_precision":"DISTRICT","n_total":8,"n_scored":8,"n_abstained":0,"n_excluded":0,"n_map_subjects":8,"n_unplotted":0,"medape_pct":32.28,"cases":[{"status":"estimated","district":"Quận 12","property_type":"house","geo_precision":"DISTRICT","actual":74074074.0,"estimated":85279186.0,"abs_pct_error":0.1513,"signed_pct_error":0.1513},{"status":"estimated","district":"Quận 12","property_type":"house","geo_precision":"DISTRICT","actual":65000000.0,"estimated":86779868.0,"abs_pct_error":0.3351,"signed_pct_error":0.3351},{"status":"estimated","district":"Quận 12","property_type":"house","geo_precision":"DISTRICT","actual":64814815.0,"estimated":87334517.0,"abs_pct_error":0.3474,"signed_pct_error":0.3474},{"status":"estimated","district":"Quận 12","property_type":"house","geo_precision":"DISTRICT","actual":58641975.0,"estimated":92763048.0,"abs_pct_error":0.5819,"signed_pct_error":0.5819},{"status":"estimated","district":"Quận 12","property_type":"house","geo_precision":"DISTRICT","actual":87500000.0,"estimated":82712870.0,"abs_pct_error":0.0547,"signed_pct_error":-0.0547},{"status":"estimated","district":"Quận 12","property_type":"house","geo_precision":"DISTRICT","actual":138888889.0,"estimated":84793505.0,"abs_pct_error":0.3895,"signed_pct_error":-0.3895},{"status":"estimated","district":"Quận 12","property_type":"house","geo_precision":"DISTRICT","actual":82539683.0,"estimated":83523306.0,"abs_pct_error":0.0119,"signed_pct_error":0.0119},{"status":"estimated","district":"Quận 12","property_type":"house","geo_precision":"DISTRICT","actual":120967742.0,"estimated":83412748.0,"abs_pct_error":0.3105,"signed_pct_error":-0.3105}]}},{"type":"Feature","geometry":{"type":"Point","coordinates":[106.6336345,10.8543983]},"properties":{"kind":"district_aggregate","protocol":"within_district","property_type":"house","district":"Quận 12","geo_precision":"WARD","n_total":3,"n_scored":3,"n_abstained":0,"n_excluded":0,"n_map_subjects":3,"n_unplotted":0,"medape_pct":22.16,"cases":[{"status":"estimated","district":"Quận 12","property_type":"house","geo_precision":"WARD","actual":79464286.0,"estimated":82712870.0,"abs_pct_error":0.0409,"signed_pct_error":0.0409},{"status":"estimated","district":"Quận 12","property_type":"house","geo_precision":"WARD","actual":111458333.0,"estimated":81664065.0,"abs_pct_error":0.2673,"signed_pct_error":-0.2673},{"status":"estimated","district":"Quận 12","property_type":"house","geo_precision":"WARD","actual":136000000.0,"estimated":105859356.0,"abs_pct_error":0.2216,"signed_pct_error":-0.2216}]}},{"type":"Feature","geometry":{"type":"Point","coordinates":[106.6678995,10.758756550000001]},"properties":{"kind":"district_aggregate","protocol":"within_district","property_type":"house","district":"Quận 3","geo_precision":"WARD","n_total":2,"n_scored":2,"n_abstained":0,"n_excluded":0,"n_map_subjects":2,"n_unplotted":0,"medape_pct":77.84,"cases":[{"status":"estimated","district":"Quận 3","property_type":"house","geo_precision":"WARD","actual":300546448.0,"estimated":457014295.0,"abs_pct_error":0.5206,"signed_pct_error":0.5206},{"status":"estimated","district":"Quận 3","property_type":"house","geo_precision":"WARD","actual":258333333.0,"estimated":526001182.0,"abs_pct_error":1.0361,"signed_pct_error":1.0361}]}},{"type":"Feature","geometry":{"type":"Point","coordinates":[106.729695,10.73785]},"properties":{"kind":"district_aggregate","protocol":"within_district","property_type":"house","district":"Quận 7","geo_precision":"DISTRICT","n_total":1,"n_scored":0,"n_abstained":0,"n_excluded":1,"n_map_subjects":1,"n_unplotted":0,"medape_pct":null,"cases":[{"status":"unscored","district":"Quận 7","property_type":"house","geo_precision":"DISTRICT","actual":null,"estimated":null,"abs_pct_error":null,"signed_pct_error":null}]}},{"type":"Feature","geometry":{"type":"Point","coordinates":[106.72438645,10.755420749999999]},"properties":{"kind":"district_aggregate","protocol":"within_district","property_type":"house","district":"Quận 7","geo_precision":"WARD","n_total":2,"n_scored":2,"n_abstained":0,"n_excluded":0,"n_map_subjects":2,"n_unplotted":0,"medape_pct":32.51,"cases":[{"status":"estimated","district":"Quận 7","property_type":"house","geo_precision":"WARD","actual":164375000.0,"estimated":89270729.0,"abs_pct_error":0.4569,"signed_pct_error":-0.4569},{"status":"estimated","district":"Quận 7","property_type":"house","geo_precision":"WARD","actual":107272727.0,"estimated":86544193.0,"abs_pct_error":0.1932,"signed_pct_error":-0.1932}]}},{"type":"Feature","geometry":{"type":"Point","coordinates":[106.67793265,10.7920738]},"properties":{"kind":"district_aggregate","protocol":"within_district","property_type":"house","district":"Quận Bình Thạnh","geo_precision":"WARD","n_total":2,"n_scored":1,"n_abstained":0,"n_excluded":1,"n_map_subjects":2,"n_unplotted":0,"medape_pct":7.6,"cases":[{"status":"estimated","district":"Quận Bình Thạnh","property_type":"house","geo_precision":"WARD","actual":178750000.0,"estimated":165158441.0,"abs_pct_error":0.076,"signed_pct_error":-0.076},{"status":"unscored","district":"Quận Bình Thạnh","property_type":"house","geo_precision":"WARD","actual":null,"estimated":null,"abs_pct_error":null,"signed_pct_error":null}]}},{"type":"Feature","geometry":{"type":"Point","coordinates":[106.5995759,10.7703543]},"properties":{"kind":"district_aggregate","protocol":"within_district","property_type":"house","district":"Quận Bình Tân","geo_precision":"DISTRICT","n_total":2,"n_scored":2,"n_abstained":0,"n_excluded":0,"n_map_subjects":2,"n_unplotted":0,"medape_pct":41.16,"cases":[{"status":"estimated","district":"Quận Bình Tân","property_type":"house","geo_precision":"DISTRICT","actual":62500000.0,"estimated":100589935.0,"abs_pct_error":0.6094,"signed_pct_error":0.6094},{"status":"estimated","district":"Quận Bình Tân","property_type":"house","geo_precision":"DISTRICT","actual":84761905.0,"estimated":102880061.0,"abs_pct_error":0.2138,"signed_pct_error":0.2138}]}},{"type":"Feature","geometry":{"type":"Point","coordinates":[106.6740337,10.8353538]},"properties":{"kind":"district_aggregate","protocol":"within_district","property_type":"house","district":"Quận Gò Vấp","geo_precision":"DISTRICT","n_total":3,"n_scored":3,"n_abstained":0,"n_excluded":0,"n_map_subjects":3,"n_unplotted":0,"medape_pct":61.71,"cases":[{"status":"estimated","district":"Quận Gò Vấp","property_type":"house","geo_precision":"DISTRICT","actual":99686028.0,"estimated":111984704.0,"abs_pct_error":0.1234,"signed_pct_error":0.1234},{"status":"estimated","district":"Quận Gò Vấp","property_type":"house","geo_precision":"DISTRICT","actual":253333333.0,"estimated":97011620.0,"abs_pct_error":0.6171,"signed_pct_error":-0.6171},{"status":"estimated","district":"Quận Gò Vấp","property_type":"house","geo_precision":"DISTRICT","actual":65333333.0,"estimated":107178958.0,"abs_pct_error":0.6405,"signed_pct_error":0.6405}]}},{"type":"Feature","geometry":{"type":"Point","coordinates":[106.6797643,10.8010061]},"properties":{"kind":"district_aggregate","protocol":"within_district","property_type":"house","district":"Quận Phú Nhuận","geo_precision":"DISTRICT","n_total":4,"n_scored":3,"n_abstained":0,"n_excluded":1,"n_map_subjects":4,"n_unplotted":0,"medape_pct":45.94,"cases":[{"status":"estimated","district":"Quận Phú Nhuận","property_type":"house","geo_precision":"DISTRICT","actual":260000000.0,"estimated":140549244.0,"abs_pct_error":0.4594,"signed_pct_error":-0.4594},{"status":"estimated","district":"Quận Phú Nhuận","property_type":"house","geo_precision":"DISTRICT","actual":132666667.0,"estimated":142686676.0,"abs_pct_error":0.0755,"signed_pct_error":0.0755},{"status":"estimated","district":"Quận Phú Nhuận","property_type":"house","geo_precision":"DISTRICT","actual":77844311.0,"estimated":174191436.0,"abs_pct_error":1.2377,"signed_pct_error":1.2377},{"status":"unscored","district":"Quận Phú Nhuận","property_type":"house","geo_precision":"DISTRICT","actual":null,"estimated":null,"abs_pct_error":null,"signed_pct_error":null}]}},{"type":"Feature","geometry":{"type":"Point","coordinates":[106.6840524,10.8025151]},"properties":{"kind":"district_aggregate","protocol":"within_district","property_type":"house","district":"Quận Phú Nhuận","geo_precision":"WARD","n_total":2,"n_scored":1,"n_abstained":0,"n_excluded":1,"n_map_subjects":2,"n_unplotted":0,"medape_pct":55.57,"cases":[{"status":"unscored","district":"Quận Phú Nhuận","property_type":"house","geo_precision":"WARD","actual":null,"estimated":null,"abs_pct_error":null,"signed_pct_error":null},{"status":"estimated","district":"Quận Phú Nhuận","property_type":"house","geo_precision":"WARD","actual":115698730.0,"estimated":179996218.0,"abs_pct_error":0.5557,"signed_pct_error":0.5557}]}},{"type":"Feature","geometry":{"type":"Point","coordinates":[106.6522252,10.8030699]},"properties":{"kind":"district_aggregate","protocol":"within_district","property_type":"house","district":"Quận Tân Bình","geo_precision":"DISTRICT","n_total":2,"n_scored":2,"n_abstained":0,"n_excluded":0,"n_map_subjects":2,"n_unplotted":0,"medape_pct":16.04,"cases":[{"status":"estimated","district":"Quận Tân Bình","property_type":"house","geo_precision":"DISTRICT","actual":228125000.0,"estimated":178309232.0,"abs_pct_error":0.2184,"signed_pct_error":-0.2184},{"status":"estimated","district":"Quận Tân Bình","property_type":"house","geo_precision":"DISTRICT","actual":175159236.0,"estimated":193088556.0,"abs_pct_error":0.1024,"signed_pct_error":0.1024}]}},{"type":"Feature","geometry":{"type":"Point","coordinates":[106.6605852,10.8052466]},"properties":{"kind":"district_aggregate","protocol":"within_district","property_type":"house","district":"Thành phố Thủ Đức","geo_precision":"DISTRICT","n_total":5,"n_scored":3,"n_abstained":0,"n_excluded":2,"n_map_subjects":5,"n_unplotted":0,"medape_pct":75.96,"cases":[{"status":"estimated","district":"Thành phố Thủ Đức","property_type":"house","geo_precision":"DISTRICT","actual":123389831.0,"estimated":217114061.0,"abs_pct_error":0.7596,"signed_pct_error":0.7596},{"status":"estimated","district":"Thành phố Thủ Đức","property_type":"house","geo_precision":"DISTRICT","actual":95370370.0,"estimated":175993796.0,"abs_pct_error":0.8454,"signed_pct_error":0.8454},{"status":"unscored","district":"Thành phố Thủ Đức","property_type":"house","geo_precision":"DISTRICT","actual":null,"estimated":null,"abs_pct_error":null,"signed_pct_error":null},{"status":"estimated","district":"Thành phố Thủ Đức","property_type":"house","geo_precision":"DISTRICT","actual":109803922.0,"estimated":175163000.0,"abs_pct_error":0.5952,"signed_pct_error":0.5952},{"status":"unscored","district":"Thành phố Thủ Đức","property_type":"house","geo_precision":"DISTRICT","actual":null,"estimated":null,"abs_pct_error":null,"signed_pct_error":null}]}},{"type":"Feature","geometry":{"type":"Point","coordinates":[106.75924814999999,10.7988503]},"properties":{"kind":"district_aggregate","protocol":"within_district","property_type":"house","district":"Thành phố Thủ Đức","geo_precision":"WARD","n_total":2,"n_scored":2,"n_abstained":0,"n_excluded":0,"n_map_subjects":2,"n_unplotted":0,"medape_pct":34.87,"cases":[{"status":"estimated","district":"Thành phố Thủ Đức","property_type":"house","geo_precision":"WARD","actual":235000000.0,"estimated":196142226.0,"abs_pct_error":0.1654,"signed_pct_error":-0.1654},{"status":"estimated","district":"Thành phố Thủ Đức","property_type":"house","geo_precision":"WARD","actual":483606557.0,"estimated":226351959.0,"abs_pct_error":0.532,"signed_pct_error":-0.532}]}},{"type":"Feature","geometry":{"type":"Point","coordinates":[106.5909297,10.6950833]},"properties":{"kind":"district_aggregate","protocol":"within_district","property_type":"land","district":"Huyện Bình Chánh","geo_precision":"DISTRICT","n_total":4,"n_scored":4,"n_abstained":0,"n_excluded":0,"n_map_subjects":4,"n_unplotted":0,"medape_pct":40.54,"cases":[{"status":"estimated","district":"Huyện Bình Chánh","property_type":"land","geo_precision":"DISTRICT","actual":31250000.0,"estimated":35912092.0,"abs_pct_error":0.1492,"signed_pct_error":0.1492},{"status":"estimated","district":"Huyện Bình Chánh","property_type":"land","geo_precision":"DISTRICT","actual":28955224.0,"estimated":19395274.0,"abs_pct_error":0.3302,"signed_pct_error":-0.3302},{"status":"estimated","district":"Huyện Bình Chánh","property_type":"land","geo_precision":"DISTRICT","actual":25078370.0,"estimated":37132672.0,"abs_pct_error":0.4807,"signed_pct_error":0.4807},{"status":"estimated","district":"Huyện Bình Chánh","property_type":"land","geo_precision":"DISTRICT","actual":4000000.0,"estimated":10202524.0,"abs_pct_error":1.5506,"signed_pct_error":1.5506}]}},{"type":"Feature","geometry":{"type":"Point","coordinates":[106.5097461,11.0967072]},"properties":{"kind":"district_aggregate","protocol":"within_district","property_type":"land","district":"Huyện Củ Chi","geo_precision":"DISTRICT","n_total":8,"n_scored":7,"n_abstained":0,"n_excluded":1,"n_map_subjects":8,"n_unplotted":0,"medape_pct":58.56,"cases":[{"status":"estimated","district":"Huyện Củ Chi","property_type":"land","geo_precision":"DISTRICT","actual":5780347.0,"estimated":5163226.0,"abs_pct_error":0.1068,"signed_pct_error":-0.1068},{"status":"estimated","district":"Huyện Củ Chi","property_type":"land","geo_precision":"DISTRICT","actual":2181373.0,"estimated":3346704.0,"abs_pct_error":0.5342,"signed_pct_error":0.5342},{"status":"estimated","district":"Huyện Củ Chi","property_type":"land","geo_precision":"DISTRICT","actual":7500000.0,"estimated":922183.0,"abs_pct_error":0.877,"signed_pct_error":-0.877},{"status":"estimated","district":"Huyện Củ Chi","property_type":"land","geo_precision":"DISTRICT","actual":16836735.0,"estimated":6932093.0,"abs_pct_error":0.5883,"signed_pct_error":-0.5883},{"status":"estimated","district":"Huyện Củ Chi","property_type":"land","geo_precision":"DISTRICT","actual":1198144.0,"estimated":1718902.0,"abs_pct_error":0.4346,"signed_pct_error":0.4346},{"status":"estimated","district":"Huyện Củ Chi","property_type":"land","geo_precision":"DISTRICT","actual":1545455.0,"estimated":2834895.0,"abs_pct_error":0.8343,"signed_pct_error":0.8343},{"status":"estimated","district":"Huyện Củ Chi","property_type":"land","geo_precision":"DISTRICT","actual":2294118.0,"estimated":3637604.0,"abs_pct_error":0.5856,"signed_pct_error":0.5856},{"status":"unscored","district":"Huyện Củ Chi","property_type":"land","geo_precision":"DISTRICT","actual":null,"estimated":null,"abs_pct_error":null,"signed_pct_error":null}]}},{"type":"Feature","geometry":{"type":"Point","coordinates":[106.5760523,10.8777329]},"properties":{"kind":"district_aggregate","protocol":"within_district","property_type":"land","district":"Huyện Hóc Môn","geo_precision":"DISTRICT","n_total":3,"n_scored":3,"n_abstained":0,"n_excluded":0,"n_map_subjects":3,"n_unplotted":0,"medape_pct":49.15,"cases":[{"status":"estimated","district":"Huyện Hóc Môn","property_type":"land","geo_precision":"DISTRICT","actual":14400000.0,"estimated":32879137.0,"abs_pct_error":1.2833,"signed_pct_error":1.2833},{"status":"estimated","district":"Huyện Hóc Môn","property_type":"land","geo_precision":"DISTRICT","actual":36764706.0,"estimated":45079293.0,"abs_pct_error":0.2262,"signed_pct_error":0.2262},{"status":"estimated","district":"Huyện Hóc Môn","property_type":"land","geo_precision":"DISTRICT","actual":39090909.0,"estimated":19878108.0,"abs_pct_error":0.4915,"signed_pct_error":-0.4915}]}},{"type":"Feature","geometry":{"type":"Point","coordinates":[106.6355204,10.9043448]},"properties":{"kind":"district_aggregate","protocol":"within_district","property_type":"land","district":"Huyện Hóc Môn","geo_precision":"WARD","n_total":1,"n_scored":1,"n_abstained":0,"n_excluded":0,"n_map_subjects":1,"n_unplotted":0,"medape_pct":12.6,"cases":[{"status":"estimated","district":"Huyện Hóc Môn","property_type":"land","geo_precision":"WARD","actual":29200000.0,"estimated":32879137.0,"abs_pct_error":0.126,"signed_pct_error":0.126}]}},{"type":"Feature","geometry":{"type":"Point","coordinates":[106.7258641,10.6510014]},"properties":{"kind":"district_aggregate","protocol":"within_district","property_type":"land","district":"Huyện Nhà Bè","geo_precision":"DISTRICT","n_total":3,"n_scored":2,"n_abstained":0,"n_excluded":1,"n_map_subjects":3,"n_unplotted":0,"medape_pct":27.9,"cases":[{"status":"estimated","district":"Huyện Nhà Bè","property_type":"land","geo_precision":"DISTRICT","actual":95119048.0,"estimated":102993510.0,"abs_pct_error":0.0828,"signed_pct_error":0.0828},{"status":"unscored","district":"Huyện Nhà Bè","property_type":"land","geo_precision":"DISTRICT","actual":null,"estimated":null,"abs_pct_error":null,"signed_pct_error":null},{"status":"estimated","district":"Huyện Nhà Bè","property_type":"land","geo_precision":"DISTRICT","actual":53333333.0,"estimated":78672990.0,"abs_pct_error":0.4751,"signed_pct_error":0.4751}]}},{"type":"Feature","geometry":{"type":"Point","coordinates":[106.6642083,10.8612652]},"properties":{"kind":"district_aggregate","protocol":"within_district","property_type":"land","district":"Quận 12","geo_precision":"DISTRICT","n_total":8,"n_scored":8,"n_abstained":0,"n_excluded":0,"n_map_subjects":8,"n_unplotted":0,"medape_pct":44.22,"cases":[{"status":"estimated","district":"Quận 12","property_type":"land","geo_precision":"DISTRICT","actual":146666667.0,"estimated":42950643.0,"abs_pct_error":0.7072,"signed_pct_error":-0.7072},{"status":"estimated","district":"Quận 12","property_type":"land","geo_precision":"DISTRICT","actual":50588235.0,"estimated":68132954.0,"abs_pct_error":0.3468,"signed_pct_error":0.3468},{"status":"estimated","district":"Quận 12","property_type":"land","geo_precision":"DISTRICT","actual":49264706.0,"estimated":73985921.0,"abs_pct_error":0.5018,"signed_pct_error":0.5018},{"status":"estimated","district":"Quận 12","property_type":"land","geo_precision":"DISTRICT","actual":23174971.0,"estimated":14306381.0,"abs_pct_error":0.3827,"signed_pct_error":-0.3827},{"status":"estimated","district":"Quận 12","property_type":"land","geo_precision":"DISTRICT","actual":121794872.0,"estimated":49997247.0,"abs_pct_error":0.5895,"signed_pct_error":-0.5895},{"status":"estimated","district":"Quận 12","property_type":"land","geo_precision":"DISTRICT","actual":40740741.0,"estimated":72940311.0,"abs_pct_error":0.7904,"signed_pct_error":0.7904},{"status":"estimated","district":"Quận 12","property_type":"land","geo_precision":"DISTRICT","actual":56704545.0,"estimated":64730004.0,"abs_pct_error":0.1415,"signed_pct_error":0.1415},{"status":"estimated","district":"Quận 12","property_type":"land","geo_precision":"DISTRICT","actual":29010239.0,"estimated":25044820.0,"abs_pct_error":0.1367,"signed_pct_error":-0.1367}]}},{"type":"Feature","geometry":{"type":"Point","coordinates":[106.625859,10.8430984]},"properties":{"kind":"district_aggregate","protocol":"within_district","property_type":"land","district":"Quận 12","geo_precision":"WARD","n_total":2,"n_scored":2,"n_abstained":0,"n_excluded":0,"n_map_subjects":2,"n_unplotted":0,"medape_pct":58.35,"cases":[{"status":"estimated","district":"Quận 12","property_type":"land","geo_precision":"WARD","actual":94890511.0,"estimated":52444473.0,"abs_pct_error":0.4473,"signed_pct_error":-0.4473},{"status":"estimated","district":"Quận 12","property_type":"land","geo_precision":"WARD","actual":126712329.0,"estimated":35507956.0,"abs_pct_error":0.7198,"signed_pct_error":-0.7198}]}},{"type":"Feature","geometry":{"type":"Point","coordinates":[106.6319448,10.738776]},"properties":{"kind":"district_aggregate","protocol":"within_district","property_type":"land","district":"Quận 6","geo_precision":"WARD","n_total":2,"n_scored":1,"n_abstained":0,"n_excluded":1,"n_map_subjects":2,"n_unplotted":0,"medape_pct":13.84,"cases":[{"status":"estimated","district":"Quận 6","property_type":"land","geo_precision":"WARD","actual":123529412.0,"estimated":106427683.0,"abs_pct_error":0.1384,"signed_pct_error":-0.1384},{"status":"unscored","district":"Quận 6","property_type":"land","geo_precision":"WARD","actual":null,"estimated":null,"abs_pct_error":null,"signed_pct_error":null}]}},{"type":"Feature","geometry":{"type":"Point","coordinates":[106.729695,10.73785]},"properties":{"kind":"district_aggregate","protocol":"within_district","property_type":"land","district":"Quận 7","geo_precision":"DISTRICT","n_total":1,"n_scored":1,"n_abstained":0,"n_excluded":0,"n_map_subjects":1,"n_unplotted":0,"medape_pct":26.57,"cases":[{"status":"estimated","district":"Quận 7","property_type":"land","geo_precision":"DISTRICT","actual":100000000.0,"estimated":126571112.0,"abs_pct_error":0.2657,"signed_pct_error":0.2657}]}},{"type":"Feature","geometry":{"type":"Point","coordinates":[106.73691165,10.7411566]},"properties":{"kind":"district_aggregate","protocol":"within_district","property_type":"land","district":"Quận 7","geo_precision":"WARD","n_total":2,"n_scored":2,"n_abstained":0,"n_excluded":0,"n_map_subjects":2,"n_unplotted":0,"medape_pct":8.92,"cases":[{"status":"estimated","district":"Quận 7","property_type":"land","geo_precision":"WARD","actual":112500000.0,"estimated":130112251.0,"abs_pct_error":0.1566,"signed_pct_error":0.1566},{"status":"estimated","district":"Quận 7","property_type":"land","geo_precision":"WARD","actual":127777778.0,"estimated":124977261.0,"abs_pct_error":0.0219,"signed_pct_error":-0.0219}]}},{"type":"Feature","geometry":{"type":"Point","coordinates":[106.67373735000001,10.77217575]},"properties":{"kind":"district_aggregate","protocol":"within_district","property_type":"land","district":"Quận Bình Thạnh","geo_precision":"WARD","n_total":2,"n_scored":2,"n_abstained":0,"n_excluded":0,"n_map_subjects":2,"n_unplotted":0,"medape_pct":174.91,"cases":[{"status":"estimated","district":"Quận Bình Thạnh","property_type":"land","geo_precision":"WARD","actual":63116883.0,"estimated":255492470.0,"abs_pct_error":3.0479,"signed_pct_error":3.0479},{"status":"estimated","district":"Quận Bình Thạnh","property_type":"land","geo_precision":"WARD","actual":201923077.0,"estimated":111008767.0,"abs_pct_error":0.4502,"signed_pct_error":-0.4502}]}},{"type":"Feature","geometry":{"type":"Point","coordinates":[106.5995759,10.7703543]},"properties":{"kind":"district_aggregate","protocol":"within_district","property_type":"land","district":"Quận Bình Tân","geo_precision":"DISTRICT","n_total":4,"n_scored":4,"n_abstained":0,"n_excluded":0,"n_map_subjects":4,"n_unplotted":0,"medape_pct":24.81,"cases":[{"status":"estimated","district":"Quận Bình Tân","property_type":"land","geo_precision":"DISTRICT","actual":55555556.0,"estimated":74043787.0,"abs_pct_error":0.3328,"signed_pct_error":0.3328},{"status":"estimated","district":"Quận Bình Tân","property_type":"land","geo_precision":"DISTRICT","actual":87804878.0,"estimated":77132187.0,"abs_pct_error":0.1216,"signed_pct_error":-0.1216},{"status":"estimated","district":"Quận Bình Tân","property_type":"land","geo_precision":"DISTRICT","actual":69642857.0,"estimated":93991922.0,"abs_pct_error":0.3496,"signed_pct_error":0.3496},{"status":"estimated","district":"Quận Bình Tân","property_type":"land","geo_precision":"DISTRICT","actual":107500000.0,"estimated":89942713.0,"abs_pct_error":0.1633,"signed_pct_error":-0.1633}]}},{"type":"Feature","geometry":{"type":"Point","coordinates":[106.5918016,10.7510379]},"properties":{"kind":"district_aggregate","protocol":"within_district","property_type":"land","district":"Quận Bình Tân","geo_precision":"WARD","n_total":1,"n_scored":1,"n_abstained":0,"n_excluded":0,"n_map_subjects":1,"n_unplotted":0,"medape_pct":46.59,"cases":[{"status":"estimated","district":"Quận Bình Tân","property_type":"land","geo_precision":"WARD","actual":68000000.0,"estimated":99678961.0,"abs_pct_error":0.4659,"signed_pct_error":0.4659}]}},{"type":"Feature","geometry":{"type":"Point","coordinates":[106.6740337,10.8353538]},"properties":{"kind":"district_aggregate","protocol":"within_district","property_type":"land","district":"Quận Gò Vấp","geo_precision":"DISTRICT","n_total":3,"n_scored":2,"n_abstained":0,"n_excluded":1,"n_map_subjects":3,"n_unplotted":0,"medape_pct":105.38,"cases":[{"status":"estimated","district":"Quận Gò Vấp","property_type":"land","geo_precision":"DISTRICT","actual":41304348.0,"estimated":124485421.0,"abs_pct_error":2.0139,"signed_pct_error":2.0139},{"status":"unscored","district":"Quận Gò Vấp","property_type":"land","geo_precision":"DISTRICT","actual":null,"estimated":null,"abs_pct_error":null,"signed_pct_error":null},{"status":"estimated","district":"Quận Gò Vấp","property_type":"land","geo_precision":"DISTRICT","actual":60377358.0,"estimated":66038739.0,"abs_pct_error":0.0938,"signed_pct_error":0.0938}]}},{"type":"Feature","geometry":{"type":"Point","coordinates":[106.6843366,10.8303484]},"properties":{"kind":"district_aggregate","protocol":"within_district","property_type":"land","district":"Quận Gò Vấp","geo_precision":"WARD","n_total":1,"n_scored":1,"n_abstained":0,"n_excluded":0,"n_map_subjects":1,"n_unplotted":0,"medape_pct":30.17,"cases":[{"status":"estimated","district":"Quận Gò Vấp","property_type":"land","geo_precision":"WARD","actual":118343195.0,"estimated":82636813.0,"abs_pct_error":0.3017,"signed_pct_error":-0.3017}]}},{"type":"Feature","geometry":{"type":"Point","coordinates":[106.6797643,10.8010061]},"properties":{"kind":"district_aggregate","protocol":"within_district","property_type":"land","district":"Quận Phú Nhuận","geo_precision":"DISTRICT","n_total":1,"n_scored":0,"n_abstained":0,"n_excluded":1,"n_map_subjects":1,"n_unplotted":0,"medape_pct":null,"cases":[{"status":"unscored","district":"Quận Phú Nhuận","property_type":"land","geo_precision":"DISTRICT","actual":null,"estimated":null,"abs_pct_error":null,"signed_pct_error":null}]}},{"type":"Feature","geometry":{"type":"Point","coordinates":[106.6840524,10.8025151]},"properties":{"kind":"district_aggregate","protocol":"within_district","property_type":"land","district":"Quận Phú Nhuận","geo_precision":"WARD","n_total":1,"n_scored":1,"n_abstained":0,"n_excluded":0,"n_map_subjects":1,"n_unplotted":0,"medape_pct":130.7,"cases":[{"status":"estimated","district":"Quận Phú Nhuận","property_type":"land","geo_precision":"WARD","actual":107724426.0,"estimated":248521308.0,"abs_pct_error":1.307,"signed_pct_error":1.307}]}},{"type":"Feature","geometry":{"type":"Point","coordinates":[106.6605852,10.8052466]},"properties":{"kind":"district_aggregate","protocol":"within_district","property_type":"land","district":"Thành phố Thủ Đức","geo_precision":"DISTRICT","n_total":10,"n_scored":10,"n_abstained":0,"n_excluded":0,"n_map_subjects":10,"n_unplotted":0,"medape_pct":28.25,"cases":[{"status":"estimated","district":"Thành phố Thủ Đức","property_type":"land","geo_precision":"DISTRICT","actual":72357724.0,"estimated":104903406.0,"abs_pct_error":0.4498,"signed_pct_error":0.4498},{"status":"estimated","district":"Thành phố Thủ Đức","property_type":"land","geo_precision":"DISTRICT","actual":100000.0,"estimated":15295087.0,"abs_pct_error":151.9509,"signed_pct_error":151.9509},{"status":"estimated","district":"Thành phố Thủ Đức","property_type":"land","geo_precision":"DISTRICT","actual":77500000.0,"estimated":63977005.0,"abs_pct_error":0.1745,"signed_pct_error":-0.1745},{"status":"estimated","district":"Thành phố Thủ Đức","property_type":"land","geo_precision":"DISTRICT","actual":88965517.0,"estimated":80529681.0,"abs_pct_error":0.0948,"signed_pct_error":-0.0948},{"status":"estimated","district":"Thành phố Thủ Đức","property_type":"land","geo_precision":"DISTRICT","actual":70526316.0,"estimated":100265399.0,"abs_pct_error":0.4217,"signed_pct_error":0.4217},{"status":"estimated","district":"Thành phố Thủ Đức","property_type":"land","geo_precision":"DISTRICT","actual":61875000.0,"estimated":76523492.0,"abs_pct_error":0.2367,"signed_pct_error":0.2367},{"status":"estimated","district":"Thành phố Thủ Đức","property_type":"land","geo_precision":"DISTRICT","actual":106481481.0,"estimated":93816234.0,"abs_pct_error":0.1189,"signed_pct_error":-0.1189},{"status":"estimated","district":"Thành phố Thủ Đức","property_type":"land","geo_precision":"DISTRICT","actual":78688525.0,"estimated":88071968.0,"abs_pct_error":0.1192,"signed_pct_error":0.1192},{"status":"estimated","district":"Thành phố Thủ Đức","property_type":"land","geo_precision":"DISTRICT","actual":59659091.0,"estimated":79246675.0,"abs_pct_error":0.3283,"signed_pct_error":0.3283},{"status":"estimated","district":"Thành phố Thủ Đức","property_type":"land","geo_precision":"DISTRICT","actual":56728232.0,"estimated":34167458.0,"abs_pct_error":0.3977,"signed_pct_error":-0.3977}]}},{"type":"Feature","geometry":{"type":"Point","coordinates":[106.71549922,10.79609542]},"properties":{"kind":"district_aggregate","protocol":"within_district","property_type":"land","district":"Thành phố Thủ Đức","geo_precision":"WARD","n_total":10,"n_scored":10,"n_abstained":0,"n_excluded":0,"n_map_subjects":10,"n_unplotted":0,"medape_pct":62.6,"cases":[{"status":"estimated","district":"Thành phố Thủ Đức","property_type":"land","geo_precision":"WARD","actual":98592.0,"estimated":15183037.0,"abs_pct_error":152.9994,"signed_pct_error":152.9994},{"status":"estimated","district":"Thành phố Thủ Đức","property_type":"land","geo_precision":"WARD","actual":260000000.0,"estimated":81258962.0,"abs_pct_error":0.6875,"signed_pct_error":-0.6875},{"status":"estimated","district":"Thành phố Thủ Đức","property_type":"land","geo_precision":"WARD","actual":88405797.0,"estimated":118342023.0,"abs_pct_error":0.3386,"signed_pct_error":0.3386},{"status":"estimated","district":"Thành phố Thủ Đức","property_type":"land","geo_precision":"WARD","actual":154285714.0,"estimated":54257119.0,"abs_pct_error":0.6483,"signed_pct_error":-0.6483},{"status":"estimated","district":"Thành phố Thủ Đức","property_type":"land","geo_precision":"WARD","actual":83928571.0,"estimated":131866552.0,"abs_pct_error":0.5712,"signed_pct_error":0.5712},{"status":"estimated","district":"Thành phố Thủ Đức","property_type":"land","geo_precision":"WARD","actual":204011065.0,"estimated":56303318.0,"abs_pct_error":0.724,"signed_pct_error":-0.724},{"status":"estimated","district":"Thành phố Thủ Đức","property_type":"land","geo_precision":"WARD","actual":193125000.0,"estimated":76523492.0,"abs_pct_error":0.6038,"signed_pct_error":-0.6038},{"status":"estimated","district":"Thành phố Thủ Đức","property_type":"land","geo_precision":"WARD","actual":149866667.0,"estimated":63271986.0,"abs_pct_error":0.5778,"signed_pct_error":-0.5778},{"status":"estimated","district":"Thành phố Thủ Đức","property_type":"land","geo_precision":"WARD","actual":104166667.0,"estimated":88829832.0,"abs_pct_error":0.1472,"signed_pct_error":-0.1472},{"status":"estimated","district":"Thành phố Thủ Đức","property_type":"land","geo_precision":"WARD","actual":53097345.0,"estimated":91640966.0,"abs_pct_error":0.7259,"signed_pct_error":0.7259}]}}]}